studyYear,replicate,plotNumber,rowNumber,colNumber,Chalky seeds|LSU_01:0000107,Days to heading|LSU_01:0000130,Grain length average|LSU_01:0000102,Grain length-width ratio average|LSU_01:0000105,Grain whiteness average|LSU_01:0000106,Grain width average|LSU_01:0000103,Harvest moisture|LSU_01:0000136,Harvest weight|LSU_01:0000137,Lodging|LSU_01:0000135,Plant height|LSU_01:0000132,Plot stand near flood|LSU_01:0000133,Ratoon moisture|LSU_01:0000139,Ratoon weight|LSU_01:0000140,Ratoon yield|LSU_01:0000141,Seedling vigor|LSU_01:0000131,Total milling percentage|LSU_01:0000101,Whole milling percentage|LSU_01:0000100,Yield
2022,1,13,4,4,8.5,92,7.5,3.23,38.3,2.32,20.1,14.89,0,90,9,18.2,3.35,2076.197637,3,67.56,59.75,9013.88595
2022,1,3,1,3,15.9,87,7.15,3.03,39.6,2.36,17.1,16.01,0,95,7,12.9,1.26,831.4943103,3,70.46,64.62,10055.79576
2022,1,15,4,2,12,87,7.1,3.3,39.3,2.15,15.4,15.31,0,98,7,14.3,2.52,1636.258608,5,70.12,63.29,9813.323944
2022,1,20,5,4,11.6,86,6.96,3.09,41.1,2.25,15.8,16.84,0,101,7,14.4,2.36,1530.581111,5,70.74,65.44,10742.97983
2022,1,16,4,1,12.9,89,6.95,3.03,41.1,2.29,16.5,15.27,0,87,9,13.2,0.73,480.0795061,3,71.09,66.12,9660.42191
2022,1,12,3,4,7.3,88,6.07,2.27,39.9,2.67,22.4,16.52,0,93,7,11.3,1.46,981.1763178,5,65.85,61.22,9712.753031
2022,1,11,3,3,10.5,89,6.08,2.36,38.8,2.58,19.7,14.59,0,88,7,6.89,0.32,225.7443485,5,66.24,62.89,8876.493081
2022,1,1,1,1,10.7,88,6.94,3.13,39.3,2.22,18,16.48,0,96,7,14.9,1.38,889.7730106,5,70.73,64.49,10238.62511
2022,1,4,1,4,14.3,92,6.98,3.05,42,2.29,23.9,17.13,0,99,7,13.6,0.85,556.4206636,3,65.82,55.35,9876.716805
2022,1,17,5,1,12.9,89,6.77,2.86,39.6,2.37,18.4,15.69,0,100,9,12.9,0.73,481.7387671,5,68.63,63.01,9700.266903
2022,1,9,3,1,7.3,89,6.08,2.32,36.2,2.62,22.4,16.28,0,95,7,13.4,1.28,839.8436509,5,66.37,63.8,9571.64766
2022,1,2,1,2,18.9,86,6.96,3.14,41.8,2.22,16.3,15.06,0,83,7,13.6,1.66,1086.656825,5,70.15,62.96,9550.387905
2022,1,7,2,2,20.6,86,6.96,3.03,41.5,2.3,15.9,15.26,0,91,7,10.9,0.9,607.5622688,5,68.18,60.92,9723.46625
2022,1,19,5,3,23.3,86,6.93,3.01,40.4,2.3,15.5,16.33,0,94,7,13,1.32,870.089175,3,69.57,61.42,10454.74574
2022,1,5,2,4,15.9,86,6.74,2.79,41.3,2.42,15.9,14.66,0,96,7,13.5,1.82,1192.773762,3,70.54,65.69,9341.15434
2022,1,14,4,3,16.3,86,6.8,2.88,45.1,2.36,17.3,15.14,0,95,7,13.7,1.22,797.7029683,5,68.5,61.9,9486.411651
2022,1,18,5,2,13.8,87,6.97,3.11,41.6,2.24,17.3,16.01,0,97,7,12.1,1.09,725.9153078,5,69.73,61.73,10031.5357
2022,1,6,2,3,20.5,86,7.17,3.13,42.7,2.29,16.2,16.48,0,88,7,14.3,1.37,889.5532911,5,70.52,60.53,10463.37542
2022,1,10,3,2,12.6,87,7.15,3.31,41.8,2.16,17.6,15.82,0,85,7,16.2,1.99,1263.477978,5,71.61,64.51,9876.527392
2022,1,8,2,1,9.2,88,5.93,2.25,40.1,2.63,21.3,16.98,0,93,7,11.4,1.01,677.9937297,5,65.8,62.75,10124.7195
2022,2,34,9,2,11.2,94,7.39,3.19,39.4,2.32,23,14.44,0,93,7,18.5,1.79,1105.302676,5,66.22,58.02,8424.196725
2022,2,27,7,3,15.4,88,7.06,2.97,39.3,2.38,17.7,15.72,0,102,7,11.8,0.97,648.2027976,3,70.67,64.95,9802.186439
2022,2,25,7,1,10.7,88,7.09,3.28,38.4,2.16,16.1,15.75,0,95,9,14.1,1.99,1295.140314,3,70.44,63.02,10011.82156
2022,2,32,8,1,10.8,86,6.96,3.14,41.5,2.22,16.4,16.28,0,100,7,15,1.43,920.9277188,5,71.35,65.35,10311.72351
2022,2,37,10,4,13.3,87,6.96,3.08,39.4,2.26,16.3,16.55,0,92,7,15.1,1.35,868.3844548,3,71.43,,10495.2802
2022,2,22,6,3,11.1,89,6.04,2.25,39.6,2.68,23.9,15.83,0,90,7,11.9,1.29,861.0655229,3,65.75,62.63,9127.170288
2022,2,35,9,3,9.8,90,6.01,2.35,38.6,2.56,20.9,13.26,0,88,5,11.1,0.52,350.248018,5,64.98,61.51,7946.769006
2022,2,40,10,1,14.5,87,6.85,3.13,41.5,2.19,17.4,16.05,0,99,7,14.8,1.24,800.4456736,5,70.42,64.27,10044.43854
2022,2,23,6,2,10.4,92,6.96,3.08,39.8,2.26,24.5,16.96,0,101,7,15.4,1.1,705.0722625,3,66.2,56.82,9701.600373
2022,2,24,6,1,12.8,89,6.73,2.83,41.6,2.38,18.5,15.95,0,103,9,12.6,0.7,463.5323557,3,68.95,64.37,9848.926078
2022,2,30,8,3,8.4,91,6.11,2.31,38.9,2.64,21.3,14.07,0,91,7,5.82,0.25,178.3894952,5,68.02,65.02,8389.564388
2022,2,28,7,4,21.2,86,6.99,3.12,42.3,2.24,17.1,14.87,0,88,7,13.8,1.7,1110.265306,5,70.07,61.34,9339.767834
2022,2,31,8,2,21,86,6.97,3.06,41.5,2.28,15.8,15.68,0,92,7,13.4,1.04,682.3729664,5,68.73,60.97,10002.96459
2022,2,39,10,2,24.3,85,6.89,2.98,40.8,2.31,16.2,15.58,0,96,7,12.7,0.82,542.3737694,5,68.58,59.5,9891.953215
2022,2,29,8,4,17.9,86,6.72,2.78,41.6,2.42,15.2,15.12,0,96,9,12.8,1.23,812.6287405,3,71.71,66.43,9714.450175
2022,2,21,6,4,20.2,88,6.78,2.9,42.7,2.34,17.9,16.72,0,92,7,14.8,1.37,884.3633652,3,68.42,60.99,10400.39927
2022,2,38,10,3,19.3,86,6.85,3.06,41.8,2.24,16.2,15.58,0,96,7,19.6,1.45,883.2723443,5,69.93,61.82,9891.953215
2022,2,33,9,1,20.4,86,7.25,3.22,41.3,2.25,16.3,16.78,0,96,5,13.1,1.06,697.9048613,3,69.34,59.12,10641.13606
2022,2,26,7,2,12.5,89,7.19,3.38,41.6,2.13,17.8,15.88,0,90,7,14,1.08,703.7084864,5,71.54,65.01,9889.922704
2022,2,36,9,4,9.2,87,5.99,2.3,39.8,2.6,21,16.95,0,96,7,12.2,1.12,745.0460564,5,67.16,63.55,10145.35797
2022,1,10,2,3,10.9,88,6.78,3.01,36.9,2.25,18.4,13.09,0,92,7,13.3,1.22,801.4003169,5,67.28,60.57,8092.82943
2022,1,1,1,1,16.2,86,6.45,2.79,40.4,2.31,15.4,12.37,0,85,5,14.2,3.02,1963.201208,5,67.63,59.32,7928.858079
2022,1,23,4,2,18.2,89,6.68,3.01,43.1,2.22,17.2,17.47,0,97,9,15.4,1.02,653.7942798,3,65.62,52.26,10959.57779
2022,1,8,2,5,14.5,88,6.97,3.1,41.1,2.25,16.2,14.89,0,92,7,14.5,1.02,660.7495381,5,67.68,56.63,9453.862861
2022,1,17,3,5,19.8,86,7.01,2.95,40.3,2.38,17.1,14.94,0,89,7,14.4,1.32,856.08774,3,67.69,57.86,9383.734461
2022,1,4,1,4,22.7,85,6.9,2.94,40.4,2.35,16,13.66,0,95,9,12.6,0.91,602.5920624,3,68.05,59.41,8693.618277
2022,1,11,2,2,12.7,88,6.09,2.21,37.2,2.76,17.4,12.81,0,82,5,13.9,2.13,1389.483317,5,69.58,66.14,8016.776181
2022,1,16,3,4,20,93,5.83,2.18,37.5,2.68,23.4,13.16,0,94,7,14,1.22,794.9299568,5,63.07,59.47,7637.57065
2022,1,22,4,3,10.7,86,6.02,2.2,36.1,2.74,15.4,12.8,0,81,7,13.7,2.13,1392.71092,3,70.65,68.03,8204.477236
2022,1,13,3,1,15.5,89,6.9,2.92,42.3,2.36,15.2,12.96,0,90,9,16.7,1.79,1129.714269,3,64.3,51.96,8326.671578
2022,1,19,4,6,17.3,81,6.98,2.92,38.8,2.39,17.7,15.07,0,95,7,13.7,1.99,1301.171235,5,67.78,59.55,9396.879748
2022,1,18,3,6,6.4,89,6.89,3.01,40.1,2.29,16.4,11.79,0,93,7,12.6,0.89,589.3482808,5,69.37,60.89,7467.765368
2022,1,20,4,5,15.4,89,6.27,2.61,40.9,2.4,18.1,14.24,0,89,9,3.65,0.23,167.8997837,5,63.53,54.31,8836.178343
2022,1,2,1,2,12.8,92,6.47,2.68,40.4,2.41,21,17.96,0,99,5,15.2,2.58,1657.624435,7,66.14,61.22,10749.88963
2022,1,14,3,2,8.8,88,7.06,3.19,38.4,2.21,12.9,10.61,0,92,7,16.3,2.82,1788.319648,3,66.72,53.8,7001.710026
2022,1,9,2,4,23.7,85,6.79,2.99,37.5,2.27,17.9,14.18,0,89,9,13.2,1.19,782.5953593,5,66.03,57.25,8820.434305
2022,1,21,4,4,7.9,84,7.04,3.24,35.5,2.17,19.3,14.46,0,95,7,12.8,1.47,971.1904459,5,67.35,58.47,8841.224314
2022,1,24,4,1,20.4,84,6.87,3.07,38.4,2.24,15.4,13.76,0,92,9,15.9,2.43,1548.363236,3,65.83,55.62,8819.813029
2022,1,6,1,6,15.6,86,6.4,2.84,42.3,2.25,17.2,14.39,0,85,9,14.6,2.04,1319.953463,5,68.61,62.23,9027.379757
2022,1,15,3,3,16,88,5.91,2.17,39.8,2.72,20.1,13.08,0,90,9,13.5,1.44,943.7330864,3,66.69,62.67,7918.175166
2022,1,7,2,6,13.7,86,6.05,2.22,38.1,2.73,19.8,14.44,0,93,7,13.7,1.91,1248.862844,5,67.63,65.28,8774.293212
2022,1,12,2,1,17.9,85,6.79,2.94,38.8,2.31,15.4,14.14,0,90,9,15.2,1.64,1053.683749,3,67.85,58.88,9063.383447
2022,1,3,1,3,16.7,86,6.7,2.86,41.5,2.34,15.9,13.68,0,93,9,16.4,2.99,1893.860768,3,65.75,53.17,8716.711553
2022,1,5,1,5,21.5,84,6.95,3.14,38,2.21,16,12.8,0,90,7,13.3,1.72,1129.84307,5,68.84,54.06,8146.289455
2022,2,33,6,4,12.1,86,6.74,3.01,39.8,2.24,18.6,14.3,0,101,7,13.3,0.96,630.6100855,5,67.23,60.46,8819.237213
2022,2,41,7,5,18.7,85,6.3,2.76,44.2,2.28,15.6,12.67,0,98,7,14.4,2.57,1666.776888,5,67.85,60.1,8101.951577
2022,2,43,8,6,18.3,86,6.75,3,42.9,2.25,16.3,16.51,0,93,9,13.7,1.49,974.2437891,3,66.87,55.36,10469.91397
2022,2,46,8,3,15.3,86,6.84,3.11,40.1,2.2,14.7,16.1,0,97,7,14.1,2.11,1373.239227,3,68.57,56.38,10405.08156
2022,2,37,7,1,22.6,85,6.85,2.88,41.1,2.38,15,13.81,0,94,7,18.8,1.8,1107.386223,3,67.49,55.81,8893.714543
2022,2,47,8,2,23.7,84,6.84,2.92,41.5,2.34,14.4,14.02,0,94,9,13.5,1.39,910.9645764,3,67.4,57.88,9092.689481
2022,2,45,8,4,12.1,86,6.06,2.21,38.9,2.74,15.7,12.31,0,83,7,12.8,1.82,1202.426266,3,71.19,68.33,7862.419452
2022,2,35,6,2,21,92,5.85,2.17,41.3,2.69,25,13.82,0,89,7,14.6,1.56,1009.376178,5,63.36,60.18,7853.077585
2022,2,36,6,1,9.8,86,6.05,2.24,37.2,2.7,15.3,12.23,0,79,7,14.5,2.09,1353.888759,3,69.8,65.27,7848.387711
2022,2,28,5,4,17.9,90,6.87,2.94,40.4,2.34,18.6,14.59,0,95,9,14.8,1.26,813.3560877,3,64.91,53.45,8998.088876
2022,2,26,5,2,18.7,80,6.92,2.93,38.3,2.36,15.4,14.78,0,86,9,13.5,1.88,1232.095974,3,67.3,57.56,9473.607309
2022,2,38,7,2,8.9,88,6.9,3.01,40.3,2.29,15.1,13.89,0,94,9,14.3,1.17,759.6914968,3,69.31,58.98,8934.711169
2022,2,48,8,1,12.3,85,6.21,2.6,42,2.39,14.7,12.97,0,94,9,13,0.41,270.254971,3,62.59,51.82,8382.230303
2022,2,32,6,5,12.4,90,6.53,2.71,39.4,2.41,18.4,17.62,0,118,7,15.2,2.7,1734.723245,7,66.41,61.2,10893.4801
2022,2,39,7,3,10.1,85,7.02,3.15,39.9,2.23,12.2,10.53,0,92,9,14.2,3.27,2125.717864,3,68.27,52.65,7004.763369
2022,2,27,5,3,19.2,83,6.75,3,38.8,2.25,16.7,14.69,0,92,9,13.3,1.61,1057.585664,3,67.8,60.35,9271.230507
2022,2,42,7,6,9.9,83,6.98,3.22,34.2,2.17,16,13.82,0,92,7,13,1.7,1120.569392,5,68.57,59.71,8795.446895
2022,2,31,6,6,21.7,83,6.82,3.04,39.4,2.24,19.6,15.28,0,90,7,13.3,1.65,1083.861084,5,66.94,57.22,9307.863049
2022,2,34,6,3,20.6,86,6.45,2.88,40.8,2.24,14.3,14.52,0,86,9,14.1,1.72,1119.417759,5,67.71,60.79,9427.966268
2022,2,29,5,5,18.8,85,5.91,2.17,39.9,2.72,20.1,14.35,0,91,7,14.4,1.11,719.8919632,5,66.22,62.59,8686.98881
2022,2,30,5,6,16.2,86,6.05,2.22,38,2.73,19.6,12.71,0,91,7,13.9,1.92,1252.492004,5,67.37,64.81,7742.338963
2022,2,40,7,4,20,86,6.75,2.93,38.6,2.3,17.2,14.81,0,94,7,14,1.4,912.2147045,3,68.37,61.09,9290.861307
2022,2,25,5,1,14.2,85,6.75,2.95,43.8,2.29,14.5,11.97,0,88,9,16.4,2.66,1684.839345,3,66.17,52.67,7754.090167
2022,2,44,8,5,24.1,82,6.84,3.08,39.1,2.22,16.2,13.48,0,95,7,12.6,1.95,1291.268705,5,69.15,53.23,8558.634746
2022,1,15,1,15,16.3,82,6.77,3.05,37.2,2.22,16.2,13.94,0,93,7,14.4,1.79,1160.90686,5,70.37,65.19,8850.694982
2022,1,16,1,16,17.8,85,6.34,2.83,39.4,2.24,16.7,11.14,0,94,5,12.5,3.02,2002.099134,7,69.08,63.26,7030.735728
2022,1,21,1,21,21.7,85,6.63,3.04,40.4,2.18,16.8,15.96,0,91,7,15.5,1.56,998.7387239,3,69.42,59.8,10060.66748
2022,1,3,1,3,15.9,83,6.92,3.08,40.1,2.25,17.3,16.71,0,93,7,17.1,2.34,1469.741542,5,67.74,58.7,10470.14126
2022,1,24,1,24,25.2,83,6.89,2.93,37.6,2.35,15.5,13.95,0,87,7,13.8,2.19,1430.282953,3,70.05,62.55,8931.028973
2022,1,9,1,9,24.6,82,6.94,2.98,38.9,2.33,16.1,15.12,0,95,7,13.8,1.62,1058.017527,5,70.16,63.8,9611.348699
2022,1,6,1,6,19.4,82,6.05,2.2,35.2,2.75,17,12.67,0,81,7,14.6,1.66,1074.079779,3,71.12,66.98,7967.559015
2022,1,4,1,4,17.8,87,5.92,2.2,36.1,2.69,23.3,14.79,0,88,9,17,1.77,1113.068623,5,64.94,61.69,8594.767237
2022,1,2,1,2,15,82,6.05,2.2,34,2.75,17.2,16.04,0,75,7,12.8,1.39,918.3365441,5,71.73,68.88,10062.48584
2022,1,18,1,18,18.7,84,5.84,2.2,36.5,2.66,19.7,11.87,0,79,7,13,1.64,1081.019884,5,68.46,65.59,7221.656811
2022,1,12,1,12,22.7,79,6.97,3,35.5,2.32,15.9,14.74,0,94,7,13.4,2.56,1679.687302,5,70.18,64.28,9392.129261
2022,1,1,1,1,11.2,82,6.88,3.04,38,2.26,15.9,14.68,0,90,9,17.5,1.84,1150.117875,5,71.96,66.49,9353.89807
2022,1,10,1,10,17.4,83,6.2,2.63,39.3,2.36,18.2,13.46,0,96,9,15.9,0.63,401.4275057,5,67.14,58.37,8341.976177
2022,1,7,1,7,12,87,6.39,2.66,38.8,2.4,20,18.64,0,115,5,12.5,2.81,1862.88032,7,68.78,64.97,11298.12764
2022,1,11,1,11,12.7,82,7.14,3.2,39.3,2.23,13.8,10.37,0,93,7,13.5,3.4,2228.258676,3,68.94,60.22,6772.618365
2022,1,20,1,20,24.9,82,6.83,3.09,34.9,2.21,16.8,13.21,0,91,7,14,1.81,1179.363297,5,69.65,62.96,8327.156476
2022,1,17,1,17,25.4,83,6.8,2.93,40.4,2.32,15.9,13.3,0,94,7,18.9,1.92,1179.757276,5,70.07,62.74,8474.580677
2022,1,22,1,22,25.4,82,6.89,3.19,35.5,2.16,16.7,12.93,0,88,7,12.2,2.01,1337.091583,3,68.42,61.05,8160.449997
2022,1,5,1,5,22.5,83,6.47,2.93,40.8,2.21,16.9,15.28,0,91,7,15.5,2.53,1619.749341,5,68.7,63.2,9620.44054
2022,1,13,1,13,21.2,82,5.88,2.19,38.3,2.69,17.9,12.51,0,85,7,13.6,1.9,1243.763836,5,68.1,64.94,7781.638445
2022,1,19,1,19,17.8,83,5.96,2.21,39.3,2.7,18.6,11.06,0,77,7,11.4,1.77,1188.167229,5,67.52,65.41,6821.032418
2022,1,8,1,8,23.3,83,6.92,3.06,37.2,2.26,17.1,14.38,0,101,7,15.7,1.84,1175.211356,5,69.87,64.39,9032.001443
2022,1,14,1,14,18.9,83,6.76,2.95,39.4,2.29,16.5,14.59,0,87,7,14.8,3.88,2504.620334,5,68.83,59,9230.226304
2022,1,23,1,23,21.3,82,6.82,3.11,38.6,2.19,14.2,11.32,0,85,7,10.6,1.57,1063.427172,5,70.78,61.2,7358.754195
2022,2,45,2,4,18,83,6.73,2.95,35.2,2.28,18.7,14.11,0,95,7,17.3,1.82,1140.374452,3,68.54,63.21,8691.368047
2022,2,46,2,3,20.4,82,6.43,2.82,39.3,2.28,17.1,15.06,0,96,7,13.8,3.46,2259.716446,5,69.81,63.69,9459.105823
2022,2,32,2,17,20.4,85,6.92,3.13,38.6,2.21,17.2,15.18,0,100,7,17.2,2.65,1662.44311,5,69.27,61.2,9522.976005
2022,2,31,2,18,22.5,85,6.67,3.05,40.1,2.19,17.3,16.85,0,96,9,19.8,1.85,1124.130363,3,68.54,58.8,10557.86237
2022,2,36,2,13,25.2,83,7.01,2.96,37.2,2.37,17.5,14.8,0,89,7,15.7,2.16,1379.59594,5,70.32,64.76,9250.948125
2022,2,30,2,19,23.2,82,6.93,2.96,37,2.34,15.1,13.83,0,95,9,12.8,1.77,1169.392578,3,69.86,63.16,8896.116304
2022,2,47,2,2,19,81,6,2.18,36.1,2.75,16.4,10.53,0,80,7,13.9,1.59,1037.219941,3,70.57,66.28,6669.683573
2022,2,26,2,23,20.5,87,5.91,2.22,36.5,2.66,21.5,13.21,0,95,7,12.4,1.83,1214.579027,5,64.46,61.65,7856.752204
2022,2,38,2,11,13.2,84,5.97,2.21,35.2,2.7,16.2,9.77,0,76,5,11.1,1.45,976.653127,3,72.08,68.65,6203.10545
2022,2,39,2,10,18.4,84,6.85,2.98,40.4,2.3,16.8,14,0,99,7,18.4,2.02,1248.855267,3,68.54,59.44,8825.146909
2022,2,29,2,20,22.6,77,6.98,3.01,36.7,2.32,15.2,14.84,0,94,9,14.1,2.61,1698.651367,3,69.34,62.84,9534.552949
2022,2,35,2,14,11.3,84,6.85,3.02,39.1,2.27,16,14.61,0,95,9,17.5,1.34,837.5858438,5,71.38,65.27,9298.225698
2022,2,40,2,9,17.3,83,6.19,2.63,38.8,2.35,16.9,13.68,0,96,9,16.7,0.97,612.1915311,5,66.25,56.47,8613.064567
2022,2,43,2,6,13,87,6.43,2.71,38.8,2.37,19.8,18.56,0,118,7,12.3,3.37,2239.237074,7,68.61,64.32,11277.76191
2022,2,27,2,22,9.8,83,7.21,3.29,38.9,2.19,12.7,10.24,0,91,9,11.7,3.73,2495.399692,3,68.78,59.57,6773.057804
2022,2,28,2,21,25.8,82,6.9,3.12,34.5,2.21,16.1,14.4,0,93,7,13,2.04,1344.68327,3,68.97,62.46,9153.665427
2022,2,48,2,1,10.7,79,7.04,3.23,30.4,2.18,15.3,13.75,0,95,7,13,2.78,1832.460535,3,70.11,64.26,8823.821016
2022,2,25,2,24,26.6,81,6.86,3.13,37,2.19,16.7,14.69,0,90,7,11.8,2.17,1450.103166,3,68.42,60.76,9271.230507
2022,2,41,2,8,21.4,83,6.46,2.96,40.1,2.18,15.7,14.23,0,90,7,15,2.11,1358.851389,3,70.18,64.54,9088.726954
2022,2,33,2,16,23.8,83,6.89,3.19,38.6,2.16,15.3,12.44,0,92,5,13.3,1.56,1024.741389,5,70.97,62.82,7983.151523
2022,2,42,2,7,18.7,82,6.01,2.23,36.9,2.69,20.1,13.91,0,82,7,12,2.29,1526.82315,3,68.11,65.81,8420.628177
2022,2,34,2,15,26.6,84,6.88,3.06,37.5,2.25,16.5,14.01,0,100,7,15.5,1.7,1088.369122,3,70.15,64.85,8863.294758
2022,2,44,2,5,22.9,82,6.78,2.94,38.9,2.31,17.4,15.32,0,94,7,14.8,3.81,2459.433884,3,67.97,59.35,9587.588688
2022,2,37,2,12,22.6,81,6.89,3.2,38,2.15,14.7,12.16,0,90,7,12.5,1.82,1206.563054,5,71.83,63.22,7858.744833
2022,1,11,2,2,12.3,91,6.98,3.16,40.1,2.21,18.2,8.49,0,89,5,17,2.79,1754.497999,5,67.63,58.86,5261.766549
2022,1,3,1,3,7.2,82,6.79,2.98,40.6,2.28,15.5,10.78,0,94,7,16.1,2.63,1671.815283,,68.12,60.59,6901.540669
2022,1,7,2,6,13.9,81,6.83,2.88,42.3,2.37,10.7,9.94,0,84,9,14.7,2.44,1576.919193,3,68.16,51.55,6725.249874
2022,1,4,1,4,3.3,87,6.96,2.94,39.8,2.37,13.1,8.01,0,81,7,15.5,2.5,1600.542827,5,67.11,56.96,5273.790508
2022,1,2,1,2,18.7,92,7.09,3.15,39.3,2.25,16.9,7.67,0,88,5,16.5,2.7,1708.129611,5,66.45,56.93,4829.108569
2022,1,5,1,5,20.2,85,6.59,2.92,39.9,2.26,16.9,10.9,0,92,7,18,2.06,1279.828139,3,67.81,58.96,6862.748814
2022,1,12,2,1,14.4,89,7.25,3.1,41.5,2.34,15,11.4,0,88,7,16.7,3.14,1981.73341,5,65.18,47.7,7341.661534
2022,1,9,2,4,8.8,85,6.48,2.72,38.3,2.38,14.2,11.44,0,97,,18.3,3.6,2228.410207,5,70.39,65.6,7436.76219
2022,1,6,1,6,18.5,83,6.86,2.94,39.6,2.33,13.9,10.71,0,93,7,17,2.35,1477.802974,3,69.35,56.11,6986.556958
2022,1,8,2,5,5.3,90,7.05,3.15,38.6,2.24,17.9,11.19,0,99,7,17.4,3.5,2190.376006,5,68.58,56.73,6960.554293
2022,1,1,1,1,6.9,85,6.97,3.06,40.1,2.28,13.8,10.13,0,87,5,16.6,3.44,2173.677325,5,70.46,57.76,6615.875027
2022,1,10,2,3,11.3,85,6.97,3.21,39.1,2.17,13.6,11.66,0,95,7,16.6,1.72,1086.838662,3,68.97,57.15,7632.78228
2022,2,23,4,2,9.5,89,6.88,3.1,41.5,2.22,16.5,9.87,0,98,7,17.8,3.37,2098.806015,5,68.64,60.79,6244.162688
2022,2,17,3,5,7.2,83,6.83,3,40.4,2.28,16,12.97,0,97,9,16.4,2.83,1792.517048,5,69.31,62.25,8254.482361
2022,2,16,3,4,20.2,81,6.83,2.86,40.9,2.39,11,10.57,0,85,9,16,2.88,1832.915127,3,68.23,50.24,7127.472915
2022,2,19,4,6,3.7,87,7.06,2.98,41.5,2.37,13.9,11.7,0,95,,16.2,2.86,1815.852773,5,68.92,58.86,7632.373147
2022,2,14,3,2,14.9,93,7.09,3.15,38.6,2.25,17.3,10.32,0,94,7,17.8,3.04,1893.284951,5,66.91,59.56,6466.299091
2022,2,18,3,6,22.6,84,6.6,2.93,37.6,2.25,15.5,13.31,0,94,9,19.6,2.24,1364.503484,3,70.79,63.07,8521.290009
2022,2,13,3,1,13.9,89,7.27,3.15,43.2,2.31,14.8,12.37,0,100,7,17.6,3.18,1985.294381,5,65.25,48.55,7985.091115
2022,2,21,4,4,9.6,83,6.43,2.69,40.4,2.39,20.5,12.23,0,104,9,17.3,4.1,2568.975414,3,69.52,63.46,7366.550449
2022,2,24,4,1,16.6,84,6.87,2.95,39.8,2.33,14.3,12.87,0,101,7,16.1,3.04,1932.440479,3,68.13,55.85,8356.606464
2022,2,22,4,3,5.7,89,6.99,3.15,39.3,2.22,16.3,12.64,0,101,9,17.8,3.69,2298.099167,3,69.57,59.64,8015.730619
2022,2,15,3,3,6,85,7.04,3.09,40.1,2.28,14.7,10.23,0,98,9,16.2,3.32,2107.913009,5,69.66,59.16,6611.427602
2022,2,20,4,5,12.3,84,7.04,3.2,38.8,2.2,14.9,13.48,0,94,9,17.8,1.89,1177.075183,3,69.68,58.39,8691.405929
2023,1,5,2,2,18.3,95,6.55,2.85,43.2,2.3,10.4,13.34,0,96,7,13.2,6.65,4373.387477,3,72.05,57.73,9056.083658
2023,1,12,4,1,11.9,101,6.86,3.21,39.4,2.14,17,14.12,0,94,5,21.3,2.21,1317.782065,3,69.21,61.64,8879.517667
2023,1,22,8,3,21.4,101,6.52,2.83,43,2.3,16.6,15.68,0,109,7,22.1,4.89,2886.176614,9,68.5,52.86,9908.061544
2023,1,2,1,2,26.4,96,6.49,2.82,45.4,2.3,13.2,13.77,0,92,9,13.9,5.52,3600.964299,1,70.36,57.78,9055.871512
2023,1,10,4,3,29.5,96,6.47,2.9,48.8,2.23,11.6,13.17,0,95,7,20.7,4.76,2859.938713,3,69.4,51.58,8820.935095
2023,1,23,8,2,17.4,97,7.05,3.23,33.6,2.18,12.9,13.59,0,90,7,18.5,4.57,2821.957023,3,70.32,62.47,8968.384064
2023,1,6,2,1,20.6,102,6.71,3.34,42.1,2.01,18.8,12.71,0,101,3,13,4.92,3243.104493,3,70.48,60.99,7819.485278
2023,1,19,7,1,27.2,96,6.54,2.86,45.4,2.29,13.7,14.88,0,96,7,16.2,5.41,3434.929836,1,70.1,57.94,9729.495319
2023,1,8,3,2,17.9,98,5.93,2.27,39.2,2.61,11.8,15.04,0,95,7,16.9,3.64,2291.812026,3,70.9,61.39,10050.62358
2023,1,24,8,1,21.8,98,6.04,2.29,43.2,2.64,14.1,17.29,0,97,7,15.4,5.8,3717.705151,3,70.42,61.61,11252.90736
2023,1,14,5,2,20.9,98,6.04,2.29,42.3,2.64,13.1,14.91,0,82,7,22.3,2.11,1242.16721,9,68.95,57.9,9816.891848
2023,1,20,7,2,7.3,101,6.93,3.32,29.7,2.09,14.1,12.56,0,95,7,14.8,6.41,4137.844928,3,70.7,66.38,8174.465962
2023,1,17,6,2,18.3,103,6.72,3.1,43.9,2.17,22,14.71,0,104,7,31.5,3.03,1572.569276,3,67.16,52.14,8693.283884
2023,1,9,3,3,36.1,98,6.43,3.08,49.3,2.09,15.1,14.64,0,100,7,21.9,2.71,1603.603189,3,64.43,46.42,9417.277186
2023,1,13,5,1,26.9,95,6.48,2.95,46.8,2.2,12,14.78,0,90,9,15.1,3.68,2367.184429,1,69.61,57.39,9854.479554
2023,1,21,7,3,13,98,5.99,2.34,40.5,2.56,14.8,15.39,0,99,7,16.6,3.62,2287.447882,3,72.08,64.45,9934.701006
2023,1,3,1,3,22.5,95,6.33,3,46.8,2.11,7.68,13.64,0,85,5,12.1,6.14,4089.157447,3,67.97,47.51,9540.843073
2023,1,25,9,1,32.4,96,6.44,2.85,45.6,2.26,12.1,16.64,0,95,7,16.2,4.95,3142.865561,9,69.38,57.98,11082.01627
2023,1,18,6,1,18.2,99,7.07,3.11,42.8,2.27,13.9,15.12,0,97,7,19.5,4.29,2616.554344,3,69.36,56.5,9863.510907
2023,1,7,3,1,23.4,101,6.25,2.49,43,2.51,15.7,15.87,0,93,,17.3,3.87,2424.895687,3,68.65,61.74,10136.3381
2023,1,16,6,3,22.6,98,6.11,2.58,45.4,2.37,14.8,17.22,0,94,7,18.8,3.94,2423.978914,3,68.79,59.36,11116.02023
2023,1,1,1,1,47,95,6.45,2.91,48.8,2.22,10.4,13.62,0,84,7,13.7,6.67,4361.272431,1,69.36,36.73,9246.166374
2023,1,11,4,2,18,97,6.76,3.23,43.9,2.09,12.3,14.25,0,84,7,21.4,6.05,3602.919072,3,72.19,61.75,9468.714987
2023,1,15,5,3,19.8,96,5.74,2.26,43,2.54,16.3,11.25,0,96,7,15,5.38,3464.796946,3,69.95,62.94,7134.352557
2023,1,4,2,3,17.2,102,6.4,2.91,45.6,2.2,16,8.84,0,91,1,14.2,1.17,760.5884676,3,69.04,58.8,5626.108944
2023,2,44,15,2,15.8,97,6.81,3.08,41,2.21,12,13.02,0,97,7,13.2,7.92,5208.605837,3,72.41,62.27,8681.009729
2023,2,49,17,1,14,102,6.85,3.33,38.2,2.06,19.4,13.8,0,100,5,22.6,3.45,2023.189872,5,70.07,61.95,8427.34386
2023,2,36,12,1,25.5,101,7,3.37,45.1,2.08,17.9,14.46,0,103,7,23,5.14,2998.682124,3,67.73,50.57,8994.728037
2023,2,27,9,3,44.9,97,6.62,2.9,,2.28,15.6,14.88,0,92,7,13.8,5.15,3363.497285,3,71.42,62.79,9515.288586
2023,2,42,14,1,28.3,96,6.58,2.94,45.4,2.24,12.8,15.11,0,90,7,15.1,5,3216.283192,3,70.71,59.64,9982.918736
2023,2,30,10,1,17.5,98,6.99,3.18,33.2,2.2,13.1,14.31,0,98,7,16.2,5.56,3530.168186,3,71.47,64.53,9421.845899
2023,2,29,10,2,10.8,104,6.86,3.46,41.9,1.98,22.3,13.59,0,102,3,13.6,4.7,3076.721504,3,69.55,61.77,8000.498757
2023,2,31,11,1,26.6,96,6.64,2.93,45.4,2.27,13.4,15.32,0,100,7,16.5,4.81,3043.043344,3,70.79,57.98,10052.01768
2023,2,46,16,3,19,98,5.89,2.31,38.6,2.55,11.5,13.94,0,97,7,14.6,4.22,2730.529722,3,72.57,65.28,9347.223583
2023,2,28,10,3,23.7,98,5.99,2.3,43.2,2.6,15.4,13.81,0,103,7,13.7,5.71,3733.563056,3,70.13,63.3,8851.984161
2023,2,40,14,3,23.4,98,5.89,2.27,40.8,2.59,12.1,14.5,0,82,7,17.8,3,1868.39914,3,69.9,61.98,9656.805046
2023,2,47,16,2,5.9,102,6.78,3.29,30.1,2.06,15.9,12.39,0,100,7,14.4,5.86,3800.563273,3,71.18,66.73,7894.850105
2023,2,32,11,2,25.8,103,6.6,3.01,45.1,2.19,24.4,15.51,0,102,7,36,2.78,1348.035584,3,66.45,52.63,8884.033343
2023,2,38,13,2,30.2,98,6.42,2.94,46.8,2.18,15.4,16.65,0,106,9,26.7,1.8,999.6617299,3,66.49,51.22,10672.37772
2023,2,50,17,2,29.4,97,6.46,2.99,46.3,2.16,13,14.19,0,94,7,13,3.27,2155.477986,3,71.2,58.42,9353.587959
2023,2,41,14,2,17.3,98,5.86,2.27,38.6,2.58,15.2,14.64,0,95,7,23.8,5.11,2950.206789,3,70.89,65.82,9406.184986
2023,2,37,13,1,22.5,95,6.55,3.18,46.3,2.06,12.4,13.98,0,93,7,15.6,6.18,3951.914211,3,70.35,54.86,9278.715614
2023,2,45,15,3,30.9,96,6.47,2.88,44.4,2.25,12,14.03,0,97,7,13.6,4.7,3076.721504,3,70.06,58.32,9354.42139
2023,2,43,15,1,21.3,98,7.08,3.15,41.4,2.25,14.1,15.54,0,93,7,20.4,4.84,2919.00619,3,70.08,58.11,10113.94913
2023,2,33,11,3,22.8,101,6.16,2.43,43.9,2.53,15.5,15.86,0,95,7,17.4,3.74,2340.60558,3,67.83,60.62,10153.98409
2023,2,48,16,1,27.5,98,6.61,2.95,44.9,2.24,14.6,14.58,0,95,7,18,3.99,2478.924699,3,71.37,62.85,9433.915485
2023,2,26,9,2,44.9,95,6.77,3.06,47.8,2.21,14.5,16.63,0,90,7,16.2,6.56,4165.090522,3,70.05,49.64,10772.9576
2023,2,34,12,3,18.6,97,6.55,2.91,43.5,2.25,15.4,17.12,0,88,7,20.9,7.7,4614.703424,3,70.11,62.85,10973.64003
2023,2,39,13,3,18.9,96,5.65,2.24,41,2.52,16.9,15.68,0,97,7,18.4,4.42,2732.681487,3,70.63,66.21,9872.421035
2023,2,35,12,2,22.4,102,6.48,2.91,43.2,2.23,19.6,15.55,0,97,1,18.1,1.04,645.3477907,3,69.92,61.71,9472.465423
2023,1,10,2,1,17.3,79,7.01,3.09,40.1,2.27,22.3,11.74,0,106,7,14.7,7.06,4562.788295,5,69.92,62.31,6911.394806
2023,1,16,4,5,6.6,78,7.04,3.4,34.1,2.07,22.3,12.68,0,101,7,22.6,3.15,1847.260318,5,69.65,59.16,7464.777354
2023,1,21,5,1,26.9,78,7.28,3.47,41.6,2.1,24.2,12.15,0,100,7,21.4,5.82,3465.948595,3,67.59,50.47,6977.857082
2023,1,7,2,4,25.1,74,6.71,2.98,41.6,2.25,20.7,12.84,0,103,7,16.4,6.51,4123.479621,3,69.94,63.74,7714.624597
2023,1,8,2,3,25.1,73,6.79,3.02,41.4,2.25,17.9,11.66,0,100,7,13.6,6.34,4150.300923,3,69.62,62.7,7253.010298
2023,1,22,5,2,9.3,69,7.18,3.31,33.9,2.17,15.1,11.21,0,99,5,14.4,6.6,4280.497885,3,70.22,62.25,7210.906916
2023,1,25,5,5,7,74,6.94,3.54,39.9,1.96,20.2,11.02,0,100,7,12.7,6.89,4557.325538,3,66.97,57.67,6662.865898
2023,1,5,1,5,19.7,73,6.64,2.95,41,2.25,16.7,11.75,0,94,7,18,8.92,5541.85672,3,70.76,62.44,7415.82469
2023,1,19,4,2,8.9,74,5.95,2.3,33.9,2.59,16.7,12.61,0,92,7,15.9,8.02,5110.306525,3,73.07,63.65,7958.599944
2023,1,11,3,1,14.6,74,6.12,2.33,38.4,2.63,18.7,15.02,0,104,7,14.7,7.16,4627.417024,1,71.02,62.91,9252.030692
2023,1,18,4,3,13.2,74,6.26,2.39,36.1,2.62,18.4,13.01,0,78,7,14.3,7.16,4649.116518,5,70.55,62.35,8043.481029
2023,1,15,3,5,4.3,74,6.77,3.22,33.8,2.1,18.4,11.06,0,95,7,17.1,6.39,4013.580475,3,70.97,66.2,6837.886256
2023,1,3,1,3,34.8,79,6.8,3.11,41.4,2.19,25.3,14.74,0,97,7,26.2,2.44,1364.340511,3,67.67,52.42,8342.470352
2023,1,20,4,1,8.9,75,6.77,3.22,43.9,2.1,21.2,16.19,0,104,7,20,2.89,1751.718902,3,67.19,52.76,9666.063699
2023,1,24,5,4,22.8,72,6.68,3.12,42.3,2.14,16.7,13.18,0,93,7,15.7,7.33,4681.749102,3,69.67,61.26,8318.346334
2023,1,23,5,3,8.5,77,5.91,2.28,35.1,2.59,20.1,12.38,0,100,7,17.3,8.02,5025.236024,3,69.67,57.56,7494.523238
2023,1,4,1,4,19.8,71,6.67,3.34,42.3,2,14,12.25,0,83,7,15.9,6.86,4371.159945,3,70.2,57.22,7981.989028
2023,1,14,3,4,21.7,70,6.77,3.13,41.2,2.16,16.8,13.04,0,94,7,14.5,6.77,4385.623749,3,69.36,61.05,8220.107634
2023,1,17,4,4,18,76,7.25,3.14,37.3,2.31,19.7,14.95,0,102,7,19.8,3.29,1999.156774,3,68.65,57.97,9095.64129
2023,1,6,2,5,22,78,6.42,2.55,39,2.52,20,13.3,0,91,7,17.7,5.08,3167.671477,1,66.52,58.61,8061.543736
2023,1,12,3,2,19.1,74,6.64,2.9,42.5,2.29,20.6,13.66,0,96,7,16.9,6.26,3941.41299,3,69.49,62.02,8217.652803
2023,1,9,2,2,34.6,72,7.07,3.18,43,2.22,17.2,13.79,0,90,7,19.1,6.93,4247.744075,3,71.33,59.32,8651.097159
2023,1,2,1,2,15.5,74,6.98,3.44,41.2,2.03,23.3,13.62,0,85,7,26.3,2.82,1574.683159,3,71.24,64.05,7914.966081
2023,1,13,3,3,12.1,70,5.86,2.33,34.5,2.51,23.9,11.54,0,88,5,14.7,7.61,4918.246307,3,70,57.32,6653.758778
2023,1,1,1,1,35.1,78,6.66,3.08,41.6,2.16,20.9,13.38,0,87,5,18.9,4.84,2974.012588,5,68.94,57.81,8018.79634
2023,2,42,9,2,11.7,80,7.01,3.05,38.2,2.3,23.3,11.05,0,101,5,15.7,7.81,4988.330216,3,69.32,61.42,6421.466608
2023,2,37,8,4,9.4,78,7.04,3.38,35.7,2.08,23.1,12.67,0,101,5,18.8,4.64,2854.635066,5,67.99,57.83,7382.093494
2023,2,43,9,3,27.5,79,7.31,3.46,40.8,2.11,24,11.39,0,100,5,20.1,4.62,2796.825312,5,67.33,49.42,6558.641654
2023,2,50,10,1,24.1,74,6.78,2.97,42.5,2.28,19.8,13.7,0,95,7,17.7,5.41,3373.445411,5,70.28,64.59,8324.75617
2023,2,46,10,5,25.4,72,6.82,2.99,43,2.28,17.5,12.74,0,98,7,13.5,6.64,4351.71829,3,70.38,64.34,7963.426263
2023,2,34,7,4,10.7,70,7.07,3.3,34.1,2.14,17.2,13.42,0,95,7,15.8,6.04,3853.236067,3,70.69,64.56,8418.979251
2023,2,38,8,3,11.7,73,6.84,3.45,40.8,1.98,18.8,11.18,0,107,5,13,7.43,4897.615119,5,66.16,57.34,6878.193974
2023,2,48,10,3,19.3,73,6.65,2.98,42.8,2.23,16.9,11.27,0,98,7,14.8,5.92,3821.53541,5,70.3,61.83,7095.802619
2023,2,45,9,5,8.3,74,5.96,2.31,35.5,2.58,16.1,12.8,0,97,7,14.4,7.31,4740.975687,3,72.16,63.32,8136.703994
2023,2,27,6,4,15.1,76,6.11,2.31,38,2.65,18.7,15.37,0,99,7,15.6,7.13,4559.409114,1,70.86,61.78,9467.623951
2023,2,33,7,3,12.2,74,6.23,2.39,37.3,2.61,17.7,13.6,0,92,5,15.3,6.7,4299.666781,3,70.98,63.36,8480.380332
2023,2,40,8,1,4.4,74,6.79,3.26,33.4,2.08,18.7,10.98,0,102,7,16.5,6.93,4384.259954,3,70.16,65.32,6763.468509
2023,2,44,9,4,31.6,79,6.76,3.03,42.8,2.23,27.4,13.74,0,104,5,22.3,1.19,700.558758,3,66.39,52,7557.879092
2023,2,29,6,2,35.6,74,6.79,3.26,43.7,2.08,21.8,17.14,0,100,7,21.3,3.67,2188.353022,3,67.59,53.54,10155.33273
2023,2,36,8,5,19,72,6.72,3.14,44.2,2.14,16.5,13.07,0,91,7,15.1,6.12,3936.730627,3,69.23,60.75,8268.726926
2023,2,49,10,2,9.4,76,5.86,2.26,35.5,2.59,21.6,13.05,0,99,7,17.2,6.95,4360.052593,3,70.29,65.28,7751.81074
2023,2,35,7,5,19,71,6.71,3.36,43.7,2,14.2,12.91,0,89,7,14.2,7.77,5051.087516,5,69.57,57.12,8392.476168
2023,2,31,7,1,21.4,73,6.81,3.14,41,2.17,17.9,13.99,0,96,7,15.5,5.89,3770.931039,3,70.08,62.93,8702.368274
2023,2,39,8,2,20.6,75,7.28,3.15,37.8,2.31,19.4,14.49,0,101,7,20.2,4.51,2726.817169,3,68.5,58.2,8848.711053
2023,2,41,9,1,18.4,78,6.5,2.53,38.6,2.57,20.9,14.86,0,92,7,17.6,4.46,2784.445084,1,67.63,60.17,8905.778297
2023,2,26,6,5,23.4,73,6.65,2.92,41.6,2.28,19.9,13.49,0,104,7,16.3,5.7,3614.738629,3,69.01,61.75,8186.929533
2023,2,32,7,2,33.1,72,7.11,3.22,43.9,2.21,17.3,14.13,0,91,7,18.2,5.89,3650.439751,3,71.23,59.42,8853.688905
2023,2,28,6,3,14.5,74,6.97,3.45,41.6,2.02,17.9,13.47,0,91,7,24.3,4.97,2850.551258,5,71.06,64.86,8378.906408
2023,2,47,10,4,12.4,70,5.82,2.32,34.3,2.51,24.2,11.19,0,89,7,14.7,5.83,3767.854923,5,69.23,64.87,6426.520226
2023,2,30,6,1,36.6,79,6.8,3.19,43,2.13,22.4,12.87,0,101,5,23.6,4.1,2373.306353,7,68.07,57.14,7566.880139
2023,1,19,5,3,15.2,96,6.83,3.02,38,2.26,12.8,14.89,,99,5,18.2,6.45,3997.510424,5,73.26,63.91,9837.568496
2023,1,15,4,2,25,101,6.95,3.22,36.3,2.16,17.8,15.99,,103,5,27,2.06,1139.37495,5,69.11,57.82,9958.567418
2023,1,20,5,4,24,101,7.29,3.47,38,2.1,19.3,14.37,0,105,7,26.2,3.67,2052.102326,5,69.73,56.52,8786.317432
2023,1,17,5,1,29.9,98,6.71,2.94,39.9,2.28,14.7,15.83,,99,5,19.1,4.11,2519.224841,5,73.02,65.96,10230.72786
2023,1,8,2,1,26.8,96,6.77,2.97,40.5,2.28,14.2,15.68,,104,5,17,6.15,3867.495301,5,72.75,63.77,10193.18562
2023,1,21,6,4,11.4,97,7.18,3.31,27,2.17,15,14.4,0,99,7,16,6.36,4047.743539,5,72.66,66.31,9273.805952
2023,1,7,2,2,15.1,97,6.89,3.41,36.7,2.02,15.2,15.45,,103,7,16,6.49,4130.480435,5,71.2,62.78,9926.609156
2023,1,5,2,4,23.9,93,6.71,2.89,42.1,2.32,10.5,12.32,0,100,9,19.9,3.74,2269.764007,3,69.38,49.77,8354.305062
2023,1,3,1,3,17.9,98,5.94,2.27,31.2,2.62,15.2,14.8,,91,7,17.4,4.94,3091.602023,3,72.96,68.23,9508.984822
2023,1,2,1,2,16.2,99,6.73,3.32,36.7,2.03,17.1,15.8,,92,7,17.3,6.77,4242.000983,3,69.41,62.12,9924.033098
2023,1,14,4,3,18.8,99,6.18,2.4,39.4,2.57,13.8,15.76,,88,7,19.2,5.28,3232.375973,3,69.77,60.72,10292.9548
2023,1,10,3,2,7.9,98,6.89,3.23,26.4,2.13,14.3,12.08,,99,5,17.3,6.45,4041.492812,3,71.84,67,7843.760829
2023,1,22,6,3,19.5,102,6.89,3.09,40.3,2.23,18.6,17.94,,108,7,30.3,1.28,675.9574116,3,70.24,59.23,11064.28694
2023,1,25,7,1,31.8,98,6.76,3.2,43,2.11,17,17.6,,104,5,27.8,2.64,1444.167978,5,67.24,52.42,11067.95403
2023,1,11,3,3,28.7,93,6.63,2.96,43.7,2.24,10.7,15.65,,97,9,19.8,4.34,2637.185531,3,70.36,55.97,10588.69374
2023,1,23,6,2,30,101,6.49,2.87,40.8,2.26,16.8,15.4,,106,5,20.9,4.19,2511.117837,5,68.57,57.91,9707.795826
2023,1,6,2,3,22,93,6.61,3.12,39.4,2.12,10,15.21,,90,7,16.7,8.28,5225.789654,3,71.72,59.6,10371.66092
2023,1,9,3,1,34.8,95,6.76,3.05,41.9,2.22,13.1,16.33,,100,5,20.5,4.91,2957.503092,3,70.68,56.84,10751.83393
2023,1,12,3,4,15.9,98,7.21,3.08,34.9,2.34,12.3,14.57,0,100,7,23.8,3.72,2147.704355,3,70.64,60.53,9681.345779
2023,1,13,4,4,19.6,101,6.41,2.5,39.4,2.56,17.6,18,0,97,7,21.4,4.92,2929.977163,3,68.53,62.84,11237.67074
2023,1,1,1,1,25.4,97,6.67,2.9,41,2.3,15.7,13.29,,86,5,19.3,5.37,3283.404635,5,70.47,63.36,8488.464606
2023,1,18,5,2,27.3,94,6.29,2.62,39.7,2.4,13.6,15.72,,92,5,19.9,5.1,3095.132737,3,70.79,58.13,10290.6515
2023,1,24,6,1,17.8,98,6.94,3.35,38.2,2.07,14.6,15.49,,96,5,26.7,6.65,3693.194724,5,73.76,67.13,10022.7264
2023,1,4,1,4,17.4,96,5.68,2.23,34.7,2.55,20.8,10.93,0,100,5,20,7.11,4309.592178,5,72.19,68.45,6558.76288
2023,1,16,4,1,35.8,98,6.67,3.13,39.9,2.13,15.7,16.5,,98,5,28.4,2.17,1177.197531,5,70.68,61.3,10538.72581
2023,2,42,11,2,14.3,95,6.8,3.01,36.5,2.26,12.7,16.37,,100,7,16,7.74,4926.027515,3,73.59,64.16,10827.78216
2023,2,27,7,3,9.9,99,7.1,3.29,30.1,2.16,15.6,15.52,,105,7,26.7,3.13,1738.300675,3,71.39,63.94,9924.54831
2023,2,45,12,4,25.7,100,7.29,3.42,41,2.13,18.3,14.01,0,104,7,21,5.45,3262.121857,3,68.56,54.36,8672.349631
2023,2,46,12,3,27.9,96,6.59,2.88,42.1,2.29,13.3,15.75,0,94,7,18.2,6.6,4090.475782,3,71.75,61.84,10346.08977
2023,2,40,10,1,27.5,94,6.71,2.98,42.1,2.25,14,16.28,,103,5,17,6.09,3829.763639,3,72.01,62.94,10607.90052
2023,2,28,7,4,11.2,93,6.94,3.07,28.7,2.26,12.9,14.91,0,97,7,17.3,6.88,4310.925666,3,73.42,66.87,9839.485386
2023,2,33,9,1,14.7,98,6.94,3.49,39.4,1.99,15.4,15.36,,102,5,16.4,6.09,3857.448678,5,71.01,62.64,9845.508813
2023,2,32,8,1,23.1,95,6.63,2.93,43,2.26,13.5,13.46,,97,5,22,3.23,1908.858392,5,70.53,55.37,8821.404847
2023,2,38,10,3,18.5,99,5.89,2.27,34.1,2.6,20.5,15.97,,94,9,18.9,4.86,2986.301896,1,72.3,66.38,9619.414333
2023,2,44,11,4,19.1,100,5.99,2.25,39.2,2.66,18.2,17.43,0,106,7,20,5.74,3479.19256,5,70.92,65.42,10802.57468
2023,2,43,11,3,19,99,6.09,2.3,36.1,2.65,14.2,15.71,0,84,7,20.2,3.11,1880.355077,5,71.72,64.49,10212.68789
2023,2,41,11,1,11,98,6.86,3.24,27.7,2.12,13.8,13.89,,99,7,18.4,6.99,4321.593574,3,72.33,67.49,9071.646075
2023,2,35,9,3,17.1,102,6.94,3.11,39.7,2.23,20.6,16.88,,109,7,31,1.91,998.525234,3,69.2,57.26,10154.7569
2023,2,26,7,2,25.5,98,7.1,3.14,39,2.26,15.4,16.96,,110,5,31,4.25,2221.849343,3,69.18,56.19,10871.08265
2023,2,48,12,1,25.9,93,6.53,2.94,44.2,2.22,13.3,16.95,,95,7,20.1,4.3,2603.10581,5,70.16,59.34,11134.36327
2023,2,36,9,4,14.4,101,5.84,2.25,36.5,2.59,16.7,13.02,0,104,7,20.2,5.09,3077.494321,3,70.83,65.6,8217.364891
2023,2,39,10,2,20.3,94,6.73,3.17,41,2.12,11.4,15.01,,93,5,16.4,7.64,4839.22954,3,71.26,58.86,10076.06593
2023,2,47,12,2,,95,,,,,14.1,15.12,,97,7,17.6,6.5,4058.047768,3,69.86,58.56,9840.599151
2023,2,31,8,2,22.8,98,7.21,3.12,35.5,2.31,13.8,17.29,,100,5,25.4,3.63,2051.738647,3,72.03,62.91,11292.20739
2023,2,49,13,1,17,101,6.41,2.55,40.5,2.51,16.9,17.83,,99,5,20.8,5.52,3312.385279,5,69.18,64.39,11226.10121
2023,2,34,9,2,24.3,98,6.63,2.93,41,2.26,15.5,15.12,,97,5,19.6,4.43,2698.586612,5,71.18,63.52,9680.21686
2023,2,37,10,4,45.5,92,6.75,2.93,44.6,2.3,11.8,16.69,0,91,7,18.4,6.55,4049.561933,3,69.96,47.88,11153.25183
2023,2,30,8,3,15.2,95,7,3.32,34.3,2.11,13.1,16.16,,92,7,26.5,6.81,3792.372927,3,71.95,64.54,10639.90424
2023,2,50,13,2,13.6,96,5.64,2.22,37.1,2.54,18.7,16.53,,102,7,19.1,5.67,3475.42697,3,70.88,66.34,10182.16161
2023,2,29,8,4,31.4,96,6.42,2.78,38.8,2.31,17.4,21.25,0,93,7,30.5,4.5,2369.5938,3,70.54,61.32,13298.89534
2023,1,25,5,5,32.5,104,6.41,3.07,47.6,2.09,14.5,15.16,0,84,7,15.3,5.81,3728.517015,3,70.27,48.28,9820.687745
2023,1,17,4,4,40.5,101,6.48,2.95,46.8,2.2,16.2,11.78,0,95,7,18.6,5.58,3441.400285,3,68.22,47.43,7479.385114
2023,1,12,3,2,42.4,103,6.64,3.09,47.1,2.15,16,12.93,0,94,7,14.4,3.69,2393.187454,3,70.62,54.05,8229.138988
2023,1,4,1,4,26.1,106,5.73,2.26,45.4,2.53,21,12.24,0,81,7,15.8,3.34,2130.76299,5,68.06,63.23,7326.306702
2023,1,16,4,5,30.3,95,6.66,3.04,43.2,2.19,13.9,14.64,0,85,7,15.2,4.84,3109.695036,3,70.91,60.61,9550.383577
2023,1,10,2,1,28.7,102,6.84,3.18,43,2.15,16.3,13.29,0,88,7,14.5,4.91,3180.710872,3,70.66,60.53,8428.048487
2023,1,20,4,1,24.4,99,6.34,2.82,48.8,2.25,14.7,12.51,0,88,7,14.5,4.88,3161.276794,3,69.67,52.97,8085.054047
2023,1,1,1,1,22.4,100,6.83,3.54,42.1,1.93,17.4,11.25,0,85,7,12.4,3.7,2455.740184,1,71.23,55.97,7040.591651
2023,1,14,3,4,27.7,100,6.55,3.18,43.2,2.06,15.7,13.46,0,99,7,14,4.37,2847.452413,3,71.84,58.88,8597.045417
2023,1,24,5,4,21,99,6.42,3.01,44.4,2.13,15.9,13.9,0,90,7,14.9,4.27,2753.176295,3,71.39,63.31,8857.015049
2023,1,13,3,3,25.6,100,6.69,3.4,45.8,1.97,16,12.44,0,92,5,12.9,3.52,2322.936858,3,70.43,51.32,7917.284533
2023,1,15,3,5,27.6,99,6.66,3.04,44.9,2.19,14.4,13.3,0,95,7,14.2,4.84,3146.365968,3,69.51,58.4,8625.851798
2023,1,19,4,2,24.3,99,6.76,3.43,45.1,1.97,14.5,13.69,0,86,7,14.1,6.33,4119.774645,3,68.91,46.55,8868.417891
2023,1,21,5,1,27.2,103,6.59,3.21,43.5,2.05,17.6,13.06,0,90,7,14.1,5.6,3644.666352,3,70.93,61.49,8153.554439
2023,1,11,3,1,19.2,107,6.5,3.05,43.5,2.13,16.1,13.25,0,97,7,16.5,4.55,2878.554515,3,69.63,57.42,8422.759994
2023,1,5,1,5,26.8,92,6.6,2.97,42.1,2.22,14.7,13.13,0,87,7,14,4.3,2801.841047,1,71.12,60.1,8485.752169
2023,1,7,2,4,13.2,102,6.64,3.07,45.6,2.16,16.7,12.3,0,89,7,14.1,4.46,2902.716416,1,72.53,63.98,7762.948399
2023,1,6,2,5,24.2,103,6.1,2.72,50.9,2.24,17.7,15.36,0,98,7,19.6,1.7,1035.574998,5,67.15,56.57,9577.841316
2023,1,2,1,2,12.6,101,6.66,3.03,43.2,2.2,18.2,11.74,0,86,9,12.6,4.43,2933.538183,1,72.68,65.39,7276.08874
2023,1,9,2,2,32,104,5.62,2.23,44.9,2.52,21.2,12.94,0,87,7,14.9,3.15,2031.031693,3,67.53,60.66,7725.686489
2023,1,22,5,2,27.8,99,6.51,3.11,43.2,2.09,15.3,13.66,0,92,7,13.1,4.92,3239.376787,1,72.13,57.41,8766.186303
2023,1,3,1,3,26.4,103,6.18,3.01,48.1,2.05,14.9,13,0,91,7,13.3,3.22,2115.200574,5,69.35,54.4,8382.03556
2023,1,23,5,3,27.8,103,5.55,2.14,43.7,2.59,19.9,15.04,0,85,7,18.7,3,1847.942216,5,68.63,60.91,9127.607129
2023,1,29,6,2,25.4,100,5.77,2.21,45.8,2.61,17.9,15.67,0,90,7,15.9,5.55,3536.434066,3,69.1,60.34,9747.398917
2023,1,8,2,3,32.8,104,6.37,3.03,51.7,2.1,16.7,11.74,0,91,7,13.4,4.2,2755.775083,5,68.22,50.15,7409.51335
2023,1,18,4,3,43.8,101,5.79,2.63,49.6,2.2,14.7,14.65,0,98,7,18.7,3.81,2346.886614,1,67.85,41.48,9468.108856
2023,2,46,10,5,26.8,104,6.4,3.03,47.6,2.11,14.6,14.39,0,89,7,16.5,5.56,3517.530352,3,69.31,47.93,9310.976943
2023,2,41,9,1,39.6,101,6.34,2.81,45.8,2.26,17.3,11.52,0,90,7,14.9,5.73,3694.543366,3,69.28,49.3,7218.294139
2023,2,35,7,5,44.1,101,6.5,3,47.8,2.17,15,12.79,0,95,7,16.2,3.29,2088.894484,3,71.37,55.14,8236.942926
2023,2,45,9,5,26,107,5.78,2.28,43.9,2.54,20,12.54,0,87,7,17.8,4.09,2547.250828,5,68.56,63.69,7600.884094
2023,2,42,9,2,29.7,94,6.52,3.05,43,2.14,15.3,14.5,0,88,7,14.4,5.27,3417.912705,3,70.48,61.08,9305.249004
2023,2,37,8,4,28.4,100,6.8,3.09,42.8,2.2,15.1,14,0,85,7,15.4,4.63,2967.754284,3,70.92,60.28,9005.592937
2023,2,47,10,4,25.2,99,6.42,2.83,48.1,2.27,14.6,13.49,0,87,7,18.9,4.07,2500.874222,3,70.08,54.52,8728.636481
2023,2,49,10,2,25.6,99,6.68,3.39,42.3,1.97,16.3,13.38,0,90,7,14,4.34,2827.904684,3,71.39,55.5,8485.123308
2023,2,36,8,5,27.7,100,6.6,3.17,42.8,2.08,16.6,13.71,0,102,7,13.6,4.47,2926.158537,1,71.93,60.65,8663.234934
2023,2,50,10,1,25.1,100,6.53,3.09,43.5,2.11,15.8,14.18,0,90,7,14.3,5.08,3298.535183,3,72.02,62.13,9046.173415
2023,2,30,6,1,22.6,100,6.72,3.38,44.9,1.99,17.1,12.29,0,100,7,13,4.22,2781.687187,3,70.61,53.15,7719.390303
2023,2,39,8,2,23.9,100,6.74,3.08,42.5,2.19,15.7,14.46,0,101,7,13.9,5.69,3711.863562,3,69.77,58.72,9235.756072
2023,2,33,7,3,23.8,99,6.63,3.32,45.4,2,13.8,13.06,0,90,7,14.1,4.53,2948.274746,3,69.24,48.74,8529.567871
2023,2,32,7,2,21.8,103,6.67,3.25,42.3,2.05,18.3,14.17,0,92,7,13.6,5.27,3449.855814,3,70.79,62.9,8771.391454
2023,2,48,10,3,19.3,106,6.55,3.02,44.4,2.17,16,14.1,0,99,7,15.1,3.13,2013.393278,3,68.73,55.42,8973.771054
2023,2,38,8,3,24,91,6.61,2.99,40.8,2.21,13.9,14.12,0,87,7,14.9,3.52,2269.597321,1,70.37,58.89,9211.162302
2023,2,34,7,4,15.3,101,6.7,3.07,43.7,2.18,15.4,12.66,0,92,7,14.8,5.36,3460.038817,1,72.89,65.54,8114.852967
2023,2,27,6,4,26.5,103,6.08,2.69,50.6,2.26,16.4,15.81,0,96,7,21.2,2.66,1588.124116,3,67.2,58.04,10014.16479
2023,2,40,8,1,30.9,104,5.56,2.19,43.5,2.54,21.9,13.33,0,84,7,16.1,4.16,2644.428798,3,67.5,61.51,7887.834137
2023,2,44,9,4,30.5,100,6.48,3.13,44.2,2.07,14.5,12.86,0,93,7,18.1,4.17,2587.59643,3,71.88,57.96,8330.741715
2023,2,52,11,2,29.2,104,6.19,3.02,47.6,2.05,16.8,14.09,0,88,7,15.1,4.97,3196.985493,3,69.54,56.61,8882.002804
2023,2,31,7,1,28.2,103,5.65,2.15,35.3,2.63,20.2,14.01,0,83,5,16,4.33,2755.775083,5,71.28,66.39,8470.667081
2023,2,28,6,3,25.9,100,5.73,2.19,46.6,2.62,17.6,15.08,0,85,7,16.6,2.88,1819.848039,3,68.48,60.38,9414.670822
2023,2,43,9,3,30.7,103,6.41,3,50.6,2.14,15.8,12.78,0,88,5,20.4,4.73,2852.66514,3,68.76,54.8,8153.039227
2023,2,26,6,5,43.9,98,5.79,2.61,49.3,2.22,13.3,15.11,0,102,7,18.7,5.76,3548.049054,1,68.21,41.87,9925.677229
2023,1,1,1,1,23.5,74,6.49,3.17,45.8,2.05,13.8,13.9,0,90,7,20.7,4.82,2895.988361,3,68.64,49.44,9078.177137
2023,1,7,2,4,39.2,78,6.63,2.97,44.6,2.23,17.9,13.14,0,100,7,19.4,7.84,4787.708396,5,69.19,55.6,8173.632531
2023,1,22,5,2,26.2,73,6.58,3.02,44.9,2.18,15.7,12.49,0,96,7,17.3,5.99,3753.262317,3,69.4,56.08,7977.496082
2023,1,9,2,2,12.2,77,5.78,2.29,42.3,2.52,21.3,11.15,0,90,7,18.2,6.71,4158.650379,5,67.01,61.11,6648.538474
2023,1,6,2,5,22.2,70,6.64,3.13,42.8,2.12,17,12.74,0,105,7,17.9,6.03,3750.913559,3,69.75,62.24,8011.689453
2023,1,18,4,3,21.2,74,6.92,3.17,41.9,2.18,17.3,14.74,0,101,7,18.6,5.17,3188.53754,3,69.19,60.36,9235.907605
2023,1,12,3,2,15.1,73,6.48,2.87,47.6,2.26,15.9,13.87,0,92,7,20.3,6.48,3913.000594,3,68.53,57.86,8837.899189
2023,1,4,1,4,16.3,74,6.97,3.61,39.9,1.93,17.8,12.35,0,102,7,17.4,5.85,3661.107659,3,70.77,60.32,7691.576461
2023,1,13,3,3,17.6,71,6.77,3.3,42.5,2.05,19.3,13.46,0,104,7,17.3,6.39,4003.89753,3,70.02,61.74,8229.911805
2023,1,15,3,5,13.7,73,6.56,3.15,43.7,2.08,18.4,12.73,0,100,7,18.4,7.43,4593.625215,3,69.67,63.26,7870.369985
2023,1,14,3,4,14.4,73,6.8,3.54,42.8,1.92,18.1,12.89,0,104,7,18.6,5.62,3466.069821,3,69.47,57.27,7998.589444
2023,1,23,5,3,19.7,77,6.82,3.13,43,2.18,20.5,13.86,0,111,7,20.9,7.49,4488.847876,3,67.28,61.36,8348.47105
2023,1,24,5,4,16.8,72,6.87,3.56,43.5,1.93,13.2,13.25,0,98,7,25.3,6.39,3616.579752,5,68.29,55.32,8713.892341
2023,1,25,5,5,15.4,76,6.77,3.29,41.6,2.06,20.6,14.07,0,103,7,22.5,6.79,3987.016779,3,69.8,63.57,8464.302704
2023,1,3,1,3,21.2,78,6.61,3.06,42.3,2.16,17.1,15.08,0,92,7,22.8,4.24,2480.046041,3,68.61,61.74,9471.798679
2023,1,2,1,2,26.5,69,6.73,3.12,40.3,2.16,16.8,14.95,0,96,7,19.3,7.33,4481.816756,3,70.75,61.82,9424.126467
2023,1,17,4,4,9,77,6.76,3.19,43,2.12,20.3,11.8,0,94,7,24.3,5.64,3234.830804,3,71.38,64.9,7125.525773
2023,1,10,2,1,20.4,68,6.05,2.75,49.1,2.2,12.8,14,0,94,7,17.7,2.61,1627.484755,5,66.86,58.81,9249.560708
2023,1,5,1,5,23.5,77,5.63,2.24,41,2.51,23.9,10.48,0,86,7,18,5.8,3603.449437,3,67.64,62.43,6042.581629
2023,1,16,4,5,19.8,73,6.67,3.29,42.8,2.03,16.9,12.67,0,107,7,18.6,5.86,3614.087038,3,69.55,60.72,7977.268782
2023,1,8,2,3,15.5,76,6.37,3.12,45.4,2.04,17.2,14.07,0,100,7,18.4,6.35,3925.911186,5,68.82,62.07,8826.753954
2023,1,11,3,1,13.1,75,5.68,2.29,41.6,2.48,21.8,12.92,0,80,7,19.4,5.23,3193.841188,5,67.71,61.02,7655.011602
2023,1,21,5,1,10.4,73,5.89,2.34,43.2,2.52,20,12.83,0,97,7,20.5,6.49,3909.204698,3,66.3,58.27,7776.662116
2023,1,19,4,2,31.7,76,6.43,2.99,49.8,2.15,18.4,12.13,0,102,7,19,7.54,4627.356411,5,66.31,51.93,7499.417747
2023,1,20,4,1,33.1,71,5.86,2.63,45.8,2.23,15.5,17.1,0,111,7,23.7,5.6,3237.346248,3,67.61,50.44,10947.86431
2023,2,43,9,3,25.9,77,6.42,3.15,45.8,2.04,15.2,13.41,0,95,7,22.3,4.51,2655.058822,3,67.49,49.87,8615.911248
2023,2,47,10,4,35.3,78,6.57,2.93,45.4,2.24,18.7,13.88,0,97,7,20.5,6.02,3626.103587,3,67.39,54.39,8549.81265
2023,2,48,10,3,22.8,75,6.6,3.03,44.4,2.18,16.1,13.04,0,100,7,18.4,5.48,3388.030441,3,69.11,59.04,8289.267194
2023,2,44,9,4,15.6,79,5.82,2.33,42.1,2.5,21.9,10.36,0,85,7,19.4,5.26,3212.1615,5,66.43,60.46,6130.37972
2023,2,30,6,1,24.4,73,6.8,3.16,42.3,2.15,18,15.22,0,94,7,18.7,6.18,3806.760964,3,69.88,63.16,9455.94835
2023,2,36,8,5,17.7,77,6.82,3.09,42.5,2.21,16.9,14.45,0,106,7,17.7,5.01,3124.022461,3,68.57,60.63,9097.990048
2023,2,29,6,2,16.7,75,6.38,2.82,47.1,2.26,16,13.3,0,97,7,19.9,4.81,2919.134993,3,68.34,58.51,8464.620923
2023,2,41,9,1,16.3,74,6.93,3.59,41,1.93,19.3,12.49,0,99,7,17.1,6.62,4158.044248,3,70.13,61.14,7636.820092
2023,2,28,6,3,14.3,75,6.73,3.27,41.6,2.06,20.4,12.89,0,113,7,17.4,5.68,3554.716496,3,68.41,60,7773.964832
2023,2,40,8,1,14.9,77,6.55,3.1,43.5,2.11,19.5,13.88,0,104,7,18.4,8.33,5150.053572,5,69.2,62.82,8465.681653
2023,2,42,9,2,18.8,73,6.78,3.53,43.5,1.92,17.6,11.32,0,106,7,18.9,6.56,4030.893094,3,69.1,56.42,7067.246267
2023,2,33,7,3,20.2,76,6.8,3.12,43.7,2.18,20.8,12.85,0,105,7,20.1,5.41,3275.070333,3,66.22,58.43,7710.89689
2023,2,49,10,2,21.7,71,6.72,3.54,45.4,1.9,13.1,12.83,0,94,7,22.1,5.72,3376.059352,3,67.96,55.11,8447.399223
2023,2,38,8,3,15.5,77,6.75,3.29,41.9,2.05,21.1,13.99,0,99,7,22.2,7.44,4385.601019,3,68.45,63.66,8363.177306
2023,2,27,6,4,14.1,79,6.64,3.06,43,2.17,17.7,14.15,0,100,7,26.5,3.9,2171.843526,3,68.51,62.59,8823.33689
2023,2,26,6,5,17.3,70,6.91,3.18,40.5,2.17,18.3,14.26,0,101,7,19.6,7.34,4471.247344,3,70.67,64.01,8827.102479
2023,2,34,7,4,6.7,77,6.69,3.13,44.6,2.14,20.3,11.85,0,100,7,23.6,4.29,2483.288843,3,70.98,65.17,7155.718679
2023,2,37,8,4,19.6,72,6.04,2.77,48.1,2.18,14.4,15.13,0,98,7,24.4,1.81,1036.756954,5,67.53,60.09,9812.71712
2023,2,32,7,2,22,78,5.62,2.25,43,2.5,23.7,10.09,0,87,7,19.3,5.67,3466.835062,5,65.8,60.8,5833.004221
2023,2,45,9,5,18.4,75,6.59,3.25,43.7,2.03,15.9,12.87,0,95,7,17.7,5.64,3516.863608,3,69.28,59.75,8200.703862
2023,2,39,8,2,16,77,6.23,3.08,47.6,2.02,16.2,12.93,0,91,5,20.4,5.82,3510.044633,5,68.27,60.22,8209.5458
2023,2,46,10,5,10.9,75,5.65,2.28,41.4,2.48,23,12.53,0,81,7,20.1,5.66,3426.413694,3,67.76,63.35,7310.016929
2023,2,35,7,5,7.6,73,5.96,2.35,43,2.54,19.7,12.38,0,95,7,20.3,5.75,3472.184169,3,66.97,60.58,7532.042754
2023,2,31,7,1,39.1,80,6.54,3.04,50.1,2.15,21.3,14.03,0,93,7,19.5,5.93,3616.822205,5,66.29,51.81,8365.829129
2023,2,50,10,1,34,71,5.88,2.68,47.1,2.19,14.8,17.43,0,107,7,24.2,5.48,3147.214552,3,66.96,46.36,11251.58145
2023,1,7,2,2,25.2,98,6.67,3.13,43.2,2.13,13.4,16.3,0,91,7,16.8,5.88,3706.612952,3,69.73,55.12,10695.03187
2023,1,19,5,3,36.1,95,6.78,2.96,41,2.29,13.9,16.22,0,97,7,17.5,9.4,5875.683428,3,72.7,61.11,10581.09437
2023,1,25,7,1,36.1,95,6.79,3.06,41.2,2.22,15.9,17.5,0,98,5,15.9,6.85,4364.787992,3,72.61,61.81,11150.91823
2023,1,8,2,1,19.9,102,5.89,2.3,39,2.56,20.1,17,0,85,7,20,7.22,4376.2666,3,70.42,65.55,10291.34855
2023,1,11,3,3,26.8,92,6.74,3.01,37.1,2.24,14.9,17.08,0,89,7,18.7,6.56,4040.833645,1,71.75,63.39,11012.70518
2023,1,10,3,2,28.3,95,6.92,3.1,38.4,2.23,15,16.86,0,91,7,18.1,8.34,5175.19286,1,72.1,63.84,10858.08114
2023,1,14,4,3,23.4,94,6.71,2.93,42.8,2.29,13.3,16.68,0,94,7,16,7.19,4575.9868,1,72.73,62.73,10957.00173
2023,1,13,4,4,20.3,93,7.01,3.4,38.4,2.06,13.6,15.77,0,88,5,16.2,7.26,4609.536157,3,71.62,58.08,10323.38258
2023,1,22,6,3,27.7,94,6.88,3.26,37.8,2.11,15.7,17.36,0,103,7,15.5,6.79,4347.134423,3,73.37,63.47,11088.01697
2023,1,21,6,4,24.3,94,6.71,3.12,38.4,2.15,14.7,17.54,0,100,7,15.1,7.16,4605.717531,3,74.18,67.58,11335.87914
2023,1,20,5,4,21.8,93,6.92,3.39,39,2.04,14,16.96,0,101,7,15,7.11,4578.941689,3,72.23,59.52,11050.98236
2023,1,3,1,3,25.6,95,6.77,3.06,38,2.21,16,15.81,0,94,7,15.5,7.88,5044.980745,3,70.86,63.92,10062.07946
2023,1,15,4,2,28.8,94,6.79,3.38,40.5,2.01,12.4,14.75,0,88,7,16.6,9.17,5794.446706,1,70.76,55.58,9789.775058
2023,1,16,4,1,25.2,96,6.71,3.17,38.8,2.12,16.2,17.93,0,98,7,16.2,7.34,4660.329943,3,71.49,63.69,11384.15748
2023,1,4,1,4,28,101,6.78,3.26,38.2,2.08,15.3,15.96,0,93,5,19.1,7.38,4523.571612,3,71.02,59.99,10242.19132
2023,1,18,5,2,27.3,87,6.67,2.95,36.1,2.26,13.7,14.69,0,83,7,16.6,6.88,4347.414759,1,72.3,64.7,9605.261172
2023,1,24,6,1,17.3,95,6.77,3.09,38.6,2.19,14.7,15.66,0,93,7,14.8,8.65,5583.8313,3,73.3,67.02,10120.85902
2023,1,9,3,1,24.1,97,6.05,2.68,45.8,2.26,14.1,14.98,0,98,7,29,3.03,1629.962316,3,68.37,60.81,9749.482493
2023,1,2,1,2,26.9,102,5.78,2.29,38.6,2.52,21.8,16.54,0,85,7,18.3,8.5,5261.596849,3,70.39,64.15,9799.836834
2023,1,5,2,4,31.1,95,6.64,3.22,39,2.06,14.3,16.38,0,92,5,16.1,5.83,3706.014397,3,71.8,61.11,10635.82801
2023,1,17,5,1,29.7,98,6.38,3.04,42.3,2.1,15,16.15,0,84,7,15,8.08,5203.635562,5,71.81,63.85,10400.83098
2023,1,23,6,2,25.7,99,5.76,2.24,39.2,2.57,19.6,18.17,0,93,7,18.2,6.91,4282.60419,5,70.81,65.7,11068.46924
2023,1,6,2,3,26,96,5.94,2.28,40.3,2.6,18.8,19.21,0,92,7,19.3,6.91,4225.014158,3,70.61,65.71,11818.43526
2023,1,1,1,1,34.3,97,6.63,3.06,45.6,2.17,15.5,15.16,0,88,5,16.3,8.42,5339.666536,3,70.52,59.33,9705.8259
2023,1,12,3,4,44.6,95,5.98,2.69,43.9,2.22,13.9,17.18,0,102,7,21.9,7.75,4585.95008,3,70.62,57.02,11207.34903
2023,2,32,8,1,29,97,6.66,3.14,45.1,2.12,14.2,16.54,0,94,7,16.8,6.74,4248.736615,3,70.47,50.97,10752.25064
2023,2,28,7,4,39.2,95,6.83,3,40.3,2.28,16,15.73,0,101,7,19.8,8.37,5086.000667,3,71.83,59.7,10011.16445
2023,2,34,9,2,39.6,94,6.82,3.06,40.8,2.23,14.2,17.87,0,95,7,16.6,6.65,4202.079673,1,71.89,61.96,11616.85121
2023,2,44,11,4,20.4,102,5.92,2.31,39.2,2.56,20,17.01,0,98,5,17.2,7.6,4767.827295,3,69.68,64.63,10310.29015
2023,2,39,10,2,24.2,89,6.78,3.03,38,2.24,14.4,18.37,0,94,7,16.5,7.98,5048.541765,1,71.94,63.96,11914.05245
2023,2,46,12,3,25.4,95,6.92,3.09,38,2.24,14.7,15.99,0,91,7,17.6,7.96,4969.547728,3,72.49,64.79,10334.13383
2023,2,26,7,2,26,95,6.68,2.93,44.4,2.28,13.7,16.81,0,95,5,18.6,6.49,4002.632231,3,72.54,62.89,10991.45271
2023,2,27,7,3,24.5,93,7.03,3.52,38.4,2,14,16.72,0,96,7,15.7,6.61,4221.87743,3,71.78,58.43,10894.60054
2023,2,40,10,1,26.7,92,6.81,3.23,37.5,2.11,14.6,18.07,0,104,7,17,7.74,4867.38433,1,74.04,65.78,11692.10239
2023,2,43,11,3,22.5,95,6.59,3.02,38.4,2.18,14.6,16.74,0,95,9,16,7.57,4817.833112,1,72.96,66.3,10831.53259
2023,2,33,9,1,23.4,92,6.95,3.42,41,2.03,13.5,17.68,0,94,7,20.1,7.09,4292.097719,1,71.82,58.9,11587.10533
2023,2,42,11,2,24.7,94,6.84,3,38.2,2.28,15.6,17.06,0,98,7,16.5,9,5693.844096,1,71.22,64.73,10909.32952
2023,2,50,13,2,29.3,93,6.69,3.23,40.5,2.07,12.9,14.77,0,89,7,16.5,7.62,4820.788001,1,71.31,54.65,9747.095851
2023,2,29,8,4,19.8,98,6.77,3.21,37.3,2.11,16.8,17.49,0,97,7,15.9,7.85,5001.983319,3,71.26,63.92,11025.2824
2023,2,36,9,4,17.8,101,6.66,3,38,2.22,15.9,16.1,0,99,7,16.5,7.47,4725.890599,3,69.98,61.22,10258.84477
2023,2,49,13,1,22.4,87,6.68,2.96,35.3,2.26,12.6,15.38,0,88,7,16.1,6.87,4367.121597,1,72.6,64.98,10184.60886
2023,2,35,9,3,15.3,94,6.76,3.07,38.4,2.2,14,14.96,0,98,7,15.1,7.65,4920.913283,1,74.07,67.07,9747.800479
2023,2,31,8,2,26.5,98,6.13,2.71,46.3,2.26,15.9,16.4,0,101,7,28.1,4.45,2424.183483,3,68.86,60.13,10450.00337
2023,2,37,10,4,18.3,103,5.76,2.25,38.4,2.56,22.2,13.73,0,88,3,18.8,6.47,3980.493293,3,69.99,65.52,8093.32016
2023,2,48,12,1,33,93,6.66,3.14,38.6,2.12,13.9,18.23,0,92,7,15.2,8.18,5255.641611,3,72.97,63.07,11892.31507
2023,2,30,8,3,31.3,97,6.49,3.11,43.2,2.09,15.5,15.59,0,93,9,15.6,7.51,4802.407075,3,70.66,61.35,9981.123072
2023,2,41,11,1,23.3,98,5.87,2.35,40.1,2.5,19.2,17.77,0,92,7,17.5,8.79,5494.389078,3,69.94,64.29,10878.65929
2023,2,47,12,2,22.2,95,5.9,2.23,40.8,2.64,17.3,20.31,0,95,7,17.5,8.28,5175.601998,3,70.14,65.44,12726.00295
2023,2,45,12,4,32.3,98,6.63,3.04,46.1,2.18,16.4,16.29,0,98,7,16.5,9.11,5763.435524,3,70.75,58.66,10318.20016
2023,2,38,10,3,40.6,94,5.96,2.63,44.2,2.27,13.2,19.4,0,105,7,21,9.39,5620.426465,1,71.92,58.9,12758.45369
2023,1,5,2,4,16,102,6.89,3.28,42.8,2.1,15.6,14.63,0,92,7,15.8,5.62,3585.29581,3,71.43,63.14,9355.421506
2023,1,11,3,3,24,96,6.77,3.18,43.2,2.13,14.8,14.02,0,98,7,15.8,4.56,2909.06564,3,73.83,59.84,9050.325413
2023,1,14,4,3,21.1,100,7.24,3.31,44.2,2.19,13.9,13.94,0,93,5,14.8,4.32,2788.688002,3,72.03,60.51,9093.739553
2023,1,10,3,2,25.7,97,6.96,3.24,44.2,2.15,13.9,12.88,0,94,7,16,3.14,1998.414263,3,73.79,51.06,8402.250032
2023,1,4,1,4,18.5,99,7.08,3.32,48.1,2.13,14.7,13.97,0,96,5,15.8,3.25,2073.347221,3,73.02,58.25,9028.633496
2023,1,2,1,2,24.7,96,6.75,3.1,43.7,2.18,13.9,12.85,0,92,7,15.2,2.64,1696.197293,3,73.71,53.86,8382.679574
2023,1,8,2,1,30.1,96,6.8,3.15,46.3,2.16,12.2,11.08,0,95,7,15.5,2.33,1491.72654,3,72.49,42.49,7370.736113
2023,1,3,1,3,14,97,7.14,3.26,44.4,2.19,14,12.27,0,91,7,15,2.97,1912.722478,3,72.71,55.46,7995.020847
2023,1,12,3,4,27.7,96,6.68,3.14,45.1,2.13,13.3,12.82,0,97,7,15.3,2.59,1662.109994,5,72.41,48.22,8421.388622
2023,1,9,3,1,26.7,96,6.87,3.14,44.6,2.19,13.4,14.63,0,100,7,15.1,4.88,3139.092395,1,73.74,53.08,9599.283204
2023,1,1,1,1,7.1,100,7.02,3.41,43.9,2.06,14.2,11.96,0,96,7,15,3.7,2382.852918,3,72.49,65.13,7774.904335
2023,1,13,4,4,9.8,100,6.99,3.22,40.8,2.17,15.3,13.16,0,103,7,15.6,5.35,3421.155506,3,73.48,66.86,8445.315647
2023,1,7,2,2,23.8,97,6.87,3.37,48.3,2.04,13.7,13.49,0,99,7,14.6,3.88,2510.534436,1,72.09,58.65,8820.624453
2023,1,6,2,3,20.3,100,6.98,3.25,45.1,2.15,16.3,14.38,0,98,7,18.5,3.64,2247.685681,3,70.81,58.19,9119.28798
2023,2,15,4,2,15.1,101,6.92,3.26,43.5,2.12,15.8,14.42,0,93,7,15.6,5.84,3734.494983,3,72.82,63.91,9199.282133
2023,2,25,7,1,26.9,96,6.69,3.14,44.6,2.13,13.4,13.25,0,98,7,15.2,4.39,2820.570498,1,73.83,57,8693.814248
2023,2,26,7,2,21.2,101,7.2,3.27,44.4,2.2,15,13.43,0,91,7,15.6,3.36,2148.613552,3,72.12,59.44,8649.112079
2023,2,16,4,1,24.3,97,6.82,3.13,45.8,2.18,14.6,13.11,0,96,7,15.5,3.2,2048.723145,3,73.12,49.17,8482.759397
2023,2,19,5,3,20.7,98,7,3.21,48.8,2.18,13.4,14.13,0,91,7,15.2,3.49,2242.321421,3,72.27,53.89,9271.214742
2023,2,23,6,2,21.9,97,6.83,3.09,43.7,2.21,13.9,12.5,0,94,7,15.8,2.6,1658.677777,3,73.22,50.77,8154.357562
2023,2,17,5,1,29.4,96,6.87,3.17,45.4,2.17,12.4,12.81,0,92,7,15.7,3.31,2114.132268,3,72.89,46.64,8502.170745
2023,2,27,7,3,16.1,97,7.05,3.25,44.6,2.17,14.2,13.11,0,87,7,15.3,2.33,1495.257254,3,72.56,55.55,8522.491291
2023,2,20,5,4,27.8,95,6.7,3.06,46.6,2.19,12.8,12.09,0,93,7,16.2,2.18,1384.130692,3,71.85,45.45,7987.656354
2023,2,18,5,2,25.1,97,6.78,3.03,44.6,2.24,13.6,14.28,0,98,7,15.2,4.41,2833.420477,1,73.16,53.37,9347.9964
2023,2,22,6,3,11.3,101,6.98,3.44,44.9,2.03,14.5,13,0,95,7,15.5,3.65,2336.824837,3,73.58,64.03,8421.434082
2023,2,21,6,4,11,102,6.87,3.24,44.6,2.12,15.7,13.14,0,104,7,16,4.67,2972.163888,3,71.86,66.02,8392.658007
2023,2,24,6,1,24.8,97,6.75,3.34,47.8,2.02,12.7,14.42,0,93,7,15,3.92,2524.536065,1,72,57.02,9537.973042
2023,2,28,7,4,19.8,100,6.98,3.23,46.1,2.16,16.4,12.88,0,95,7,18.3,3.67,2271.771816,3,70.32,58.01,8158.282261
2023,1,12,3,4,13.9,79,7,3.29,37.3,2.13,20,16,0,99,7,23,2.07,1207.640466,5,72.27,66.48,9698.097728
2023,1,13,4,4,21.2,71,6.96,3.41,39.7,2.04,16.9,13.19,0,106,7,18.1,5.15,3195.712617,3,70.83,58.48,8304.6705
2023,1,1,1,1,17.6,78,7.42,3.48,39.2,2.13,19.2,14.61,0,101,7,20.3,2.28,1376.796505,3,71.12,60.85,8944.131243
2023,1,2,1,2,15.3,73,7.17,3.46,40.1,2.07,17.6,13.73,0,100,7,15.2,5.99,3848.568857,3,72.53,62.23,8571.845516
2023,1,3,1,3,14.5,74,7.2,3.5,43,2.06,17.1,14.18,0,97,7,17.7,2.7,1683.604919,3,70.93,54.72,8906.505654
2023,1,14,4,3,15.6,72,7,3.38,37.8,2.07,17,14.32,0,104,7,19.7,8.57,5214.023134,1,72.15,64.97,9005.289871
2023,1,8,2,1,21.7,70,7.12,3.44,41,2.07,17.5,14.46,0,105,7,17.9,6.07,3775.795241,,72.34,60.85,9038.551316
2023,1,10,3,2,12.9,73,7.45,3.53,39.4,2.11,18.1,15.03,0,104,7,16.2,5.67,3600.009643,3,71.81,60.58,9326.516629
2023,1,7,2,2,23,69,6.89,3.36,41.4,2.05,16.1,14.21,0,100,7,16.8,4.24,2672.795734,3,72.21,63.52,9033.012793
2023,1,11,3,3,20.7,73,7.03,3.25,39.4,2.16,17.3,14.26,0,100,7,18.3,6.8,4209.277479,1,71.82,62.19,8935.145349
2023,1,5,2,4,10.6,78,7.18,3.45,41.2,2.08,19.7,15.41,0,100,7,15.9,3.81,2427.714197,3,71.96,60.96,9375.507176
2023,1,9,3,1,10.2,78,7.12,3.27,36.1,2.18,20.6,13.25,0,110,7,17.8,7.78,4845.381771,3,72.38,66.01,7971.002902
2023,1,6,2,3,21.4,73,7.03,3.59,43.2,1.96,16.4,14.01,0,105,7,18.9,6.31,3877.276742,3,71.1,58.53,8874.03218
2023,1,4,1,4,13.5,75,7.17,3.45,39.9,2.08,20.8,14.32,0,94,7,17.9,3.22,2002.9754,5,70.51,57.79,8592.999492
2023,2,23,6,2,13.9,78,7.05,3.31,38,2.13,20.8,16.42,0,98,5,18.9,2.12,1302.666671,5,71.32,64.74,9853.146065
2023,2,24,6,1,21.6,71,6.91,3.37,38.2,2.05,17.4,15.01,0,110,7,18.4,4.87,3010.895666,1,71.09,60.05,9393.713839
2023,2,26,7,2,16.5,76,7.43,3.47,38.8,2.14,18.6,16.08,0,106,5,18,4.28,2659.097171,3,71.62,61.98,9917.15351
2023,2,19,5,3,16.4,72,7.21,3.45,39.7,2.09,16.6,14.33,0,102,7,15,7.54,4855.867839,3,72.04,63.28,9055.007776
2023,2,15,4,2,15.8,75,7.22,3.44,43.9,2.1,15.8,14.83,0,102,7,22.3,1.11,653.4623709,3,71.38,55.99,9460.842859
2023,2,25,7,1,13.4,73,6.99,3.3,37.5,2.12,17,13.83,0,102,7,15.4,6.18,3961.278937,1,72.42,64.5,8697.147969
2023,2,21,6,4,18,71,7.11,3.4,39.7,2.09,15.8,14.24,0,102,7,19.1,5.1,3126.045423,3,71.43,60.34,9084.450594
2023,2,27,7,3,12.9,72,7.36,3.47,40.3,2.12,17,13.24,0,102,7,15.3,8.34,5352.12253,3,70.28,58.49,8326.119965
2023,2,17,5,1,18.4,70,6.98,3.34,41.6,2.09,16.1,14.49,0,99,7,18.3,4.17,2581.277513,3,71.63,62.14,9211.003193
2023,2,28,7,4,16.1,73,7.05,3.31,39.9,2.13,16.8,14.18,0,106,7,16.4,4.49,2843.997465,1,71.24,60.11,8938.736676
2023,2,22,6,3,13.4,77,7.19,3.46,41.9,2.08,17.6,16.19,0,104,9,18,4.32,2683.948546,3,71.48,60.97,10107.66052
2023,2,20,5,4,8.8,78,7.05,3.25,37.3,2.17,19.3,13.64,0,107,7,20.1,7.07,4279.99025,3,72.02,65.2,8339.970061
2023,2,18,5,2,21.6,73,7.01,3.59,42.8,1.95,16.6,14.16,0,105,7,18.2,1.94,1202.351972,1,71.3,59.25,8947.58619
2023,2,16,4,1,14.8,75,7.22,3.42,40.3,2.11,19.6,15.21,0,104,7,19.6,1.99,1212.231909,3,69.52,58.29,9265.350423
2023,1,2,1,2,16.7,100,6.91,3.31,38.6,2.09,16.4,16.39,0,94,7,18.7,6.66,4102.431718,3,72.48,64.6,10381.54086
2023,1,7,3,1,32.5,93,6.58,3.13,42.5,2.1,15.2,18.41,0,102,7,17.1,5.82,3655.561559,1,71.52,56.81,11828.40612
2023,1,5,2,2,23.4,98,7.28,3.34,41,2.18,14.9,16.94,0,98,5,16.6,4.7,2969.890896,1,70.04,58.06,10922.43711
2023,1,1,1,1,26,92,6.73,3.13,43,2.15,14.6,15.66,0,95,7,19.1,5.29,3242.505939,3,70.14,47.12,10132.72404
2023,1,13,5,1,23.6,96,6.88,3.2,46.8,2.15,15.5,17.73,0,100,5,18.6,4.67,2880.168339,3,68.33,50.92,11351.20668
2023,1,14,5,2,23.7,93,6.61,3.07,42.8,2.15,14.2,16.93,0,92,7,17.4,4.96,3104.11863,1,71.07,54.18,11005.78013
2023,1,11,4,2,28.2,92,6.64,3.1,43.2,2.14,16.1,17.47,0,99,7,15.4,5.77,3698.475641,1,70.39,48.03,11105.32959
2023,1,4,2,3,17.9,93,6.88,3.2,42.5,2.15,15.3,17.2,0,91,7,16.2,5.76,3657.152653,3,70.73,51.33,11037.95054
2023,1,10,4,3,26.5,92,6.52,2.99,44.6,2.18,13,15.77,0,97,5,17.5,5.56,3475.40424,3,69.19,47.4,10395.07274
2023,1,6,2,1,26.6,93,6.58,3.02,43.2,2.18,13.8,14.37,0,98,7,16.2,4.94,3136.516338,1,70.74,50.13,9385.137084
2023,1,3,1,3,12.4,100,6.88,3.39,42.3,2.03,18,15.52,0,94,7,15.8,6.11,3897.892776,3,72.04,62.81,9642.333666
2023,1,8,3,2,12,100,6.96,3.25,35.1,2.14,17.2,16.62,0,103,7,15.7,7.01,4477.361692,3,73.16,66.86,10426.48548
2023,1,9,3,3,34.8,93,6.78,3.37,45.1,2.01,14.3,16.53,0,105,7,16.8,5.19,3271.653269,3,71.34,58.04,10733.2257
2023,1,12,4,1,26.7,98,6.92,3.2,42.5,2.16,19.6,15.14,0,97,7,19,5.75,3528.819544,1,68.77,54.74,9222.7091
2023,2,25,9,1,21.5,100,6.91,3.31,39.4,2.09,18.4,15.69,0,95,7,16.5,6.22,3935.078919,3,72.14,63.68,9700.401026
2023,2,20,7,2,30.4,92,6.65,3.14,40.3,2.12,15.5,18.01,0,100,7,16.2,6.07,3853.978577,1,73.05,62.1,11530.46995
2023,2,22,8,3,23.6,100,7.09,3.28,43,2.16,15.6,17.91,0,99,5,17.6,5.73,3577.325186,3,69.97,57.94,11452.87759
2023,2,15,5,3,29,93,6.59,3.09,44.9,2.13,14.2,15.44,0,97,7,15.5,5.52,3534.047425,3,70.62,47.68,10037.16747
2023,2,21,7,3,19.5,94,6.88,3.16,46.8,2.18,14.5,15.85,0,97,5,17.9,4.49,2792.968803,3,69.96,52.43,10267.67155
2023,2,18,6,1,27.2,94,6.74,3.15,43.9,2.14,15.7,16.34,0,94,5,19.2,4.72,2889.548218,3,71.99,56.52,10436.5321
2023,2,26,9,2,26.1,92,6.65,3.11,44.4,2.14,12.8,16.52,0,99,7,16.2,5.41,3434.929836,3,70.06,48.05,10914.48164
2023,2,19,7,1,22.9,92,7.05,3.25,42.5,2.17,16.2,16.97,0,93,5,15.3,6.55,4203.405584,3,72.15,55.45,10774.63204
2023,2,17,6,2,30.3,93,6.56,3.09,45.1,2.12,14,16.57,0,97,5,17.4,4.32,2703.587194,3,69.95,50.18,10796.86189
2023,2,24,8,1,29.7,94,6.8,3.13,43.2,2.17,18.1,18.02,0,99,5,15.7,6.66,4253.812963,1,70.93,54.31,11181.89153
2023,2,28,10,3,11.3,97,6.9,3.43,42.3,2.01,16.6,16.48,0,99,7,15.6,6.47,4137.360024,3,72.07,62.51,10413.57489
2023,2,23,8,2,13.1,102,6.99,3.28,36.9,2.13,19.5,16.08,0,111,7,16.2,7.55,4793.663634,3,74.41,67.86,9807.504393
2023,2,27,9,3,30.2,93,6.87,3.38,44.2,2.03,17.6,19.29,0,103,7,16.1,4.44,2822.419198,3,69.89,57.26,12043.03715
2023,2,16,6,3,21,99,6.86,3.24,43.7,2.12,19.9,14.94,0,94,7,18.8,4.82,2965.37522,3,69.47,55.99,9066.918252
2024,1,30,8,3,14.3,97,6.5,2.78,43,2.34,19.2,16.33,0,103,7,17.3,5.42,3396.107138,5,69.27,61.08,9996.963978
2024,1,4,1,4,18.7,94,6.78,2.94,43,2.31,16.5,16.74,0,103,7,13.7,5.73,3746.640335,3,70.01,64.36,10590.40359
2024,1,15,4,2,16.2,98,6.65,3.14,43.7,2.12,17.6,16.84,0,100,7,17.2,4.62,2898.337119,5,69.67,63.49,10513.31993
2024,1,20,5,4,16.2,98,6.72,3.11,42.3,2.16,19.1,17.14,0,103,7,19.3,5.79,3540.207233,3,69.1,62.58,10505.81916
2024,1,24,6,1,16.8,98,6.75,3.18,43,2.12,18.9,16.4,0,109,5,17.3,4.37,2738.189704,5,68.53,61,10077.0934
2024,1,16,4,1,13.7,99,6.63,3.04,42.1,2.18,18.4,16.11,0,97,7,17.8,4.62,2877.334676,5,69.39,63.15,9959.929879
2024,1,14,4,3,23.4,99,6.03,2.23,42.3,2.7,20.7,20.11,0,116,7,16.9,4.65,2927.726901,3,67.87,61.91,12082.47318
2024,1,27,7,3,32.9,97,5.7,2.24,40.1,2.55,20.6,18.24,0,108,7,19.4,4.06,2479.348991,3,67.32,60.78,10972.76096
2024,1,12,3,4,23.7,94,5.98,2.39,40.1,2.5,18.7,19.44,0,98,7,15.3,4.94,3170.202074,3,70.12,64.06,11974.49999
2024,1,23,6,2,8.6,99,7.05,3.29,37.1,2.14,22.6,13.75,0,114,5,17.3,3.87,2424.895687,5,68.49,62.4,8063.326406
2024,1,26,7,2,18,100,7.15,3.31,40.1,2.16,21.7,14.87,0,111,7,18.6,3.76,2318.936393,3,67.69,57.91,8821.517749
2024,1,7,2,2,12,98,6.96,3.12,32.6,2.23,18.3,15,0,95,7,14.7,4.66,3011.69879,5,71.58,66.49,9285.042528
2024,1,5,2,4,19.2,98,5.88,2.28,37.8,2.58,17.4,18.33,0,102,7,13.9,4.52,2948.615695,3,70.85,65.3,11471.31205
2024,1,22,6,3,24.8,98,5.99,2.27,43.7,2.64,17.8,18.43,0,117,7,14.6,3.74,2419.948142,1,67.18,61.18,11478.04001
2024,1,3,1,3,24.1,96,6.71,2.98,43.7,2.25,16.2,18.51,0,103,7,13.1,4.41,2903.58773,3,70.15,64.18,11752.24994
2024,1,17,5,1,17.4,97,6.75,3.12,42.1,2.16,19.4,17.72,0,100,7,16.6,4.41,2786.642309,5,69.8,63.61,10821.04844
2024,1,11,3,3,22.5,97,7.08,3.34,43.5,2.12,18,19.53,0,100,7,18.5,5.15,3180.104741,3,69.69,58.19,12133.51629
2024,1,19,5,3,18.9,99,6.7,3.02,43.5,2.22,22.3,16.15,0,96,5,17.9,5.7,3545.639683,5,67.24,59.74,9507.451687
2024,1,10,3,2,9.9,99,6.03,2.29,38.6,2.63,18.4,19.6,0,108,7,12.4,4.12,2734.499881,3,70.15,66.31,12117.60556
2024,1,18,5,2,16.4,98,6.73,3.14,43.2,2.14,18.4,16.3,0,104,7,19.1,4.37,2678.591863,3,69.96,64.13,10077.39646
2024,1,13,4,4,21.5,97,6.58,2.85,44.9,2.31,18.1,15.41,0,103,7,16.7,4.77,3010.509257,3,68.92,62.47,9562.184569
2024,1,9,3,1,9,98,6.85,3.26,31.9,2.1,19.1,15.36,0,102,7,16.8,4.36,2748.440896,5,70.57,66.61,9414.783098
2024,1,28,7,4,31.4,99,6.78,3.17,44.6,2.14,42.1,17.98,0,100,5,21.4,5.64,3358.754309,3,66.7,56.84,7887.490203
2024,1,2,1,2,24.2,95,6.67,3.02,43.7,2.21,16.7,17.58,0,96,7,14.8,4.11,2653.126779,3,69.69,61.94,11095.18259
2024,1,25,7,1,15.1,98,5.82,2.23,39.7,2.61,19.7,18.1,0,115,7,17.2,3.98,2496.835873,3,68.07,62.93,11011.96194
2024,1,21,6,4,22.3,98,6.21,2.44,42.3,2.55,18.3,18.78,0,109,7,15.1,5.4,3473.585847,1,67.07,62.88,11624.87325
2024,1,29,8,4,24.4,96,6.9,3.29,45.1,2.1,16.3,16.31,0,107,7,21,5.76,3447.673742,3,69.48,61.17,10343.08278
2024,1,8,2,1,28.8,97,6.79,3,41.9,2.26,17.4,17.82,0,101,7,16.2,4.48,2844.452064,3,68.41,59.37,11152.14298
2024,1,1,1,1,37.7,93,6.94,3.04,43.5,2.28,17.9,18.98,0,100,7,12.3,3.94,2618.016635,3,69.34,58.97,11806.19486
2024,1,6,2,3,12.4,97,7.08,3.4,41.2,2.08,17.6,16.79,0,94,7,17.3,5.33,3339.714215,5,71.32,66.12,10482.10461
2024,2,33,9,1,15.8,98,6.53,2.86,43.9,2.28,19,17.29,0,105,7,15.3,4.41,2830.07918,5,69.04,61.63,10610.86023
2024,2,60,15,4,20.5,96,6.91,3.07,42.8,2.25,19.1,16.79,0,101,7,17.6,6.2,3870.753256,3,69.77,64.23,10291.2896
2024,2,55,14,2,15.9,98,6.7,3.13,43.2,2.14,18.8,16.73,0,109,7,17.5,5.28,3300.383883,5,70.1,63.66,10292.53973
2024,2,54,14,3,20.5,98,6.79,3.23,42.8,2.1,19.4,17.63,0,105,7,19.2,5.32,3256.863669,3,69.73,63.53,10766.08826
2024,2,56,14,1,21.4,99,6.78,3.23,43.2,2.1,18.4,16.84,0,110,7,16.3,4.39,2783.982909,5,69.22,62.65,10411.24886
2024,2,43,11,3,18.2,99,6.58,3.03,43.9,2.17,19.1,16.6,0,103,7,18.7,5.22,3215.419455,5,69.31,62.24,10174.83069
2024,2,47,12,2,18.7,98,5.99,2.26,42.1,2.65,20.7,19.45,0,121,7,17.4,4.89,3060.310504,3,67.07,60.71,11685.93253
2024,2,52,13,4,33.6,97,5.74,2.27,39.4,2.53,20.3,20.63,0,111,7,19.3,5.01,3063.288124,3,67.64,61.57,12457.42069
2024,2,39,10,2,27.7,95,5.89,2.43,42.3,2.42,19.1,20.02,0,105,7,17.2,4.25,2666.219211,3,68.52,60.2,12271.09099
2024,2,59,15,3,10.9,99,7.02,3.24,34.5,2.17,21.1,15.24,0,122,7,20.2,4.67,2823.555694,3,69.61,64.75,9110.297346
2024,2,48,12,1,20.7,101,7.09,3.22,41.2,2.2,24.4,14.58,0,119,7,19.9,3.66,2221.212905,5,66.69,56.59,8351.219549
2024,2,35,9,3,13.4,97,6.96,3.16,33.8,2.2,17.7,15.39,0,98,5,16.1,5.19,3299.179197,3,70.94,65.14,9596.41535
2024,2,37,10,4,17.7,96,5.87,2.29,38,2.56,18.3,17.63,0,104,5,17.1,4.1,2575.223779,1,70.22,63.86,10913.01999
2024,2,41,11,1,25.2,98,6.05,2.29,43.2,2.64,18.8,17.76,0,119,7,15,3.41,2196.088771,1,66.87,53.08,10926.21073
2024,2,32,8,1,20.1,98,6.61,2.9,44.2,2.28,18.8,16.1,0,103,7,15.2,4.05,2602.120847,5,68.93,61.9,9904.954548
2024,2,44,11,4,17.8,97,6.78,3.11,42.8,2.18,20.2,17.93,0,109,5,16.4,5.15,3262.04609,5,69.15,62.51,10840.61105
2024,2,49,13,1,21.7,98,6.95,3.26,46.6,2.13,20.3,17.73,0,104,7,19,4.08,2503.927607,3,68.42,55.85,10706.25637
2024,2,53,14,4,18.2,96,6.69,3.04,44.2,2.2,22.6,15.58,0,96,5,17.6,6.68,4170.424475,5,66.68,59.48,9136.481848
2024,2,57,15,1,9.5,99,6.06,2.32,40.3,2.61,19.3,17.71,0,106,7,11.3,4.2,2822.601037,3,69.92,66.72,10828.35979
2024,2,51,13,3,17.2,98,6.76,3.1,42.5,2.18,19.1,17.57,0,101,7,19.5,5.37,3275.267325,3,70.63,65.85,10769.38405
2024,2,46,12,3,21.3,96,6.56,2.84,45.4,2.31,19.4,15.32,0,101,7,16.3,4.26,2701.541502,3,68.49,60.82,9355.443683
2024,2,50,13,2,5.3,99,6.83,3.25,33,2.1,19.6,14.84,0,98,7,17.1,5.15,3234.732307,3,71.7,68.16,9039.835579
2024,2,45,12,4,30.4,99,6.61,3.12,44.9,2.12,21.8,16.72,0,114,5,19.3,4.94,3020.487691,3,64.91,53.05,9906.34863
2024,2,36,9,4,28.2,95,6.61,2.92,44.4,2.26,16.8,16.32,0,90,5,19.8,5.23,3177.990859,3,69.4,61.43,10287.59983
2024,2,31,8,2,15.5,98,5.84,2.24,39.4,2.61,20,17.76,0,103,5,16.9,3.95,2486.993819,3,69.27,64.8,10764.73964
2024,2,38,10,3,17.2,98,6.29,2.46,41.4,2.56,18.2,17.82,0,110,7,15,4.45,2865.863645,1,67.04,62.53,11044.13191
2024,2,58,15,2,26.6,98,6.9,3.32,46.1,2.08,17.4,16.5,0,103,7,15.5,5,3201.129914,3,69.73,61.09,10326.05831
2024,2,40,10,1,25.1,98,6.66,2.99,43.5,2.23,18,16.35,0,102,5,16.3,4.26,2701.541502,5,67.4,58.67,10157.85926
2024,2,42,11,2,34.9,95,6.9,3.01,45.8,2.29,19.3,16.17,0,95,7,18.8,5.68,3494.467064,3,69.04,58.36,9886.763289
2024,2,34,9,2,15.4,98,7.03,3.35,43,2.1,18.4,16.01,0,100,7,16.7,4.29,2707.564929,3,70.65,64.57,9898.105361
2024,1,27,6,4,10.9,88,6.39,2.8,46.1,2.28,12.9,14.4,80,102,7,18.8,7.76,4774.131059,3,68.13,56.04,9502.792118
2024,1,11,3,1,16.5,87,6.8,3.11,46.8,2.19,12.7,14.04,0,91,7,15.1,4.15,2669.515049,3,67.77,57.9,9286.497223
2024,1,17,4,4,12.2,90,6.51,3.06,45.4,2.13,13.3,13.08,40,98,7,15.9,5.38,3428.110861,3,67.42,58.01,8592.062414
2024,1,20,4,1,11.8,88,6.73,3.27,45.4,2.06,12,14.13,40,103,7,15.6,5.68,3632.180052,3,67.78,59.09,9420.96555
2024,1,14,3,4,10.9,91,6.71,3.21,44.4,2.09,14.7,14.63,30,107,7,16.2,5.73,3638.104983,3,68.76,60.38,9455.052377
2024,1,12,3,2,10.6,90,6.5,3.08,44.9,2.11,12.8,14.38,30,103,7,16,5.74,3653.152188,3,68.73,59.72,9500.488852
2024,1,1,1,1,19.2,92,6.02,2.27,41.6,2.65,15.4,18.94,10,114,7,14.9,4.93,3178.725793,1,66.77,59.22,12140.06241
2024,1,7,2,4,19.1,93,5.8,2.32,40.8,2.5,17.2,13.19,30,107,7,17.6,4.32,2697.040978,3,66.45,54,8274.57533
2024,1,5,1,5,19.8,88,5.84,2.42,40.8,2.41,16.5,11.8,50,101,7,16.7,4.47,2821.169052,3,67.6,57.86,7465.15904
2024,1,6,2,5,6.9,94,6.55,2.95,39.7,2.22,16.2,7,80,111,7,17,5.45,3427.292584,3,67.6,55.14,4444.394898
2024,1,15,3,5,24.4,95,7.04,3.34,43,2.11,14.1,13.88,70,106,7,17.6,4.95,3090.359454,3,67.85,53.96,9033.440984
2024,1,19,4,2,7.4,87,6.92,3.3,34.5,2.1,15,13.06,0,94,7,13.3,3.71,2437.078923,3,70.59,63.16,8410.710494
2024,1,2,1,2,13.7,92,5.91,2.27,38.6,2.6,14.5,12.3,0,103,7,15.8,2.87,1830.925085,1,69.21,63.25,7967.862077
2024,1,26,6,5,18.7,92,6,2.33,44.9,2.58,19,10.16,80,105,7,15,4.29,2762.821357,1,66.68,51.01,6235.184495
2024,1,23,5,3,18.2,90,6.7,3.07,46.1,2.18,13.2,13.09,50,105,7,16.8,4.97,3132.970471,3,68.28,58.33,8608.548953
2024,1,29,6,2,11.4,88,6.81,3.24,43.5,2.1,14.4,17.24,0,107,7,14.4,4.98,3229.830222,3,67.85,59.36,11181.02473
2024,1,10,2,1,16.9,88,6.9,3.24,48.3,2.13,13.7,14.6,30,100,7,14.6,5.1,3299.929285,3,67.77,50.3,9546.281424
2024,1,25,5,5,17.4,87,6.73,3.13,45.4,2.15,16.3,16.45,20,99,7,16.6,4.82,3045.717898,3,67.74,53.78,10431.86461
2024,1,4,1,4,8.1,95,5.85,2.24,39.4,2.61,14.8,15.06,0,101,7,13.8,4.31,2814.888019,3,68.36,64.04,9721.54181
2024,1,30,6,1,10.4,88,6.78,3.24,45.6,2.09,13.3,14.75,0,100,7,15.7,4.83,3084.972464,3,69.41,62.5,9689.061209
2024,1,13,3,3,16.1,88,6.52,2.92,47.1,2.23,13.6,14,10,99,7,15.8,5.02,3202.524016,3,68.54,59.94,9164.575636
2024,1,22,5,2,2.7,94,6.8,3.24,33.9,2.1,13.4,12.88,10,102,7,13.6,4.48,2932.704753,3,71.1,66.81,8450.926737
2024,1,18,4,3,30,91,6.57,3.11,46.1,2.11,14.2,20.52,10,107,7,19.2,7.66,4689.39393,1,66.92,53.61,13339.36715
2024,1,9,2,2,23.3,87,6.57,3.1,47.1,2.12,14.1,15.3,30,100,7,15.2,5.38,3456.644483,3,67.66,56.26,9957.61146
2024,1,28,6,3,14.1,93,5.88,2.29,40.1,2.57,16.2,18.99,30,105,7,15.6,5.3,3389.18209,1,68.69,63.3,12057.00844
2024,1,24,5,4,13.1,92,6.23,2.48,43.2,2.51,14.6,19,0,108,7,16.3,5.96,3779.621444,3,66.88,60.12,12293.68422
2024,1,3,1,3,13.4,88,6.84,3.32,44.6,2.06,12.1,12.86,30,92,7,15.3,4.11,2637.556787,3,69.11,59.18,8564.468677
2024,1,8,2,3,20.2,88,6.62,3.11,45.6,2.13,13.1,11.81,70,102,7,19.4,5.8,3541.92713,3,67.5,52.85,7775.713596
2024,1,16,4,5,31.4,87,6.91,3.14,47.1,2.2,17.8,14.19,40,95,7,17.7,5.95,3710.166395,1,66.99,46.1,8837.405741
2024,1,21,5,1,15.1,88,7.04,3.45,44.4,2.04,12.5,15.9,0,99,7,16.8,6.64,4185.698979,3,69.67,59.89,10540.85305
2024,2,51,11,1,13.4,88,6.44,2.75,43.5,2.34,14.9,17.7,30,110,7,17.8,7.11,4428.105963,3,69.97,62.01,11412.30601
2024,2,31,7,1,13.7,86,6.86,3.1,44.9,2.21,14.9,14.22,30,105,7,14.9,4.94,3185.173513,3,68.54,59.69,9168.530587
2024,2,40,8,1,12.3,89,6.67,3.18,45.8,2.1,16.2,11.45,60,106,7,15.7,5.69,3634.263627,3,69,59.14,7269.760226
2024,2,45,9,5,12.2,90,6.82,3.31,43.2,2.06,15,13.84,40,99,7,16.5,4.85,3068.349318,3,69.34,60.58,8913.034705
2024,2,37,8,4,11.3,88,6.79,3.28,44.6,2.07,13.5,14.61,30,111,7,18.8,4.76,2928.461835,3,67.28,58.71,9574.958605
2024,2,58,12,3,15.7,89,6.54,3.08,45.8,2.12,13.9,12.3,50,106,7,17.5,6.72,4200.488578,3,68.51,58.89,8023.776898
2024,2,52,11,2,19.8,94,6.04,2.26,40.5,2.67,19.5,15.18,50,112,7,16.3,6.7,4248.903301,3,68.73,60.7,9258.448894
2024,2,55,11,5,27.9,92,5.71,2.28,40.8,2.5,20.5,16.31,30,111,7,16.2,4.59,2914.293521,3,66.87,62.79,9824.075046
2024,2,50,10,1,21.1,88,5.9,2.42,39.7,2.44,15.1,16.71,0,107,7,15.1,4.51,2901.087439,3,68.85,60.36,10748.66981
2024,2,35,7,5,8.5,93,6.72,3.1,40.3,2.17,17.5,7.87,70,109,7,16.4,5.69,3604.085875,3,65.95,54.63,4919.254172
2024,2,41,9,1,21.4,94,7.04,3.37,45.4,2.09,14.9,16.35,50,106,7,17.9,6.46,4018.39164,3,67.68,55.4,10541.87589
2024,2,36,8,5,7.6,88,7.02,3.25,35.5,2.16,13.7,12.37,10,109,7,17.1,3.38,2122.989359,3,69.65,62.1,8088.185015
2024,2,47,10,4,10.2,93,5.9,2.3,40.8,2.56,18.6,15.59,10,103,7,14.2,4.38,2847.331186,1,68.69,61.98,9614.818751
2024,2,43,9,3,20.2,92,5.92,2.26,43.5,2.62,17.2,10.92,40,113,7,16.9,5.12,3223.647685,1,68.49,60.61,6850.520288
2024,2,33,7,3,16.7,88,6.66,3.01,45.1,2.21,14.8,11.27,50,109,7,22.1,4.53,2673.697354,1,69.64,59.24,7275.01834
2024,2,32,7,2,9.8,87,6.79,3.16,42.3,2.15,14.6,15.55,10,105,7,15.4,4.52,2897.246083,3,68.45,59.83,10061.40998
2024,2,48,10,3,14.4,91,6.84,3.15,46.1,2.17,14.8,13.74,40,108,7,18.7,6.56,4040.833645,3,69.75,54.44,8869.45448
2024,2,59,12,2,15,87,6.69,3.04,43.9,2.2,16.3,16.88,0,99,7,14.4,4.6,2983.377314,3,68.86,60.03,10704.55165
2024,2,34,7,4,9.4,95,5.97,2.25,40.1,2.65,15,15.35,0,102,7,14.3,5.68,3688.125953,3,68.34,64.39,9885.482855
2024,2,56,12,5,11.1,90,6.68,3.12,44.6,2.14,15.5,13.11,20,113,7,16.3,4.63,2936.18243,3,69.33,62.07,8393.246583
2024,2,60,12,1,13.8,90,6.63,2.9,45.1,2.29,14.2,14.6,0,104,7,15.8,4.44,2832.511281,3,69.23,63.39,9490.972725
2024,2,54,11,4,4.9,95,6.88,3.23,34.3,2.13,15.4,13.14,30,102,7,14,4.19,2730.166043,3,70.88,67.26,8422.408663
2024,2,46,10,5,34.4,92,6.69,3.19,45.8,2.1,16.3,20.65,10,113,7,18.6,6.18,3811.443327,1,67.16,54.44,13095.31941
2024,2,38,8,3,18.1,87,6.57,3.07,46.8,2.14,15.1,10.98,50,99,7,16.4,5.12,3243.04388,3,67.13,55.67,7062.860233
2024,2,39,8,2,11.8,93,5.84,2.25,39.2,2.6,19.3,18.75,30,113,7,16,5.18,3296.747096,1,68.83,64.05,11464.24315
2024,2,49,10,2,16,93,6.18,2.45,42.3,2.52,15.4,18.09,0,104,7,15.3,6.61,4241.910063,1,66.46,59.54,11595.23384
2024,2,44,9,4,13.2,88,6.9,3.33,44.9,2.07,11.6,13.59,30,99,7,15.5,4.95,3169.118615,3,69.49,58.89,9102.114689
2024,2,57,12,4,19.8,86,6.58,3.03,46.6,2.17,12.9,12.28,30,97,7,16.4,5.35,3388.727492,3,66.04,55.12,8103.769945
2024,2,53,11,3,28.1,86,6.9,3.17,45.6,2.18,12.6,15.72,10,97,7,18.4,7.25,4482.339544,3,68.98,53.72,10409.61233
2024,2,42,9,2,13.6,90,6.88,3.21,42.8,2.14,13.5,16.83,10,92,7,16.7,6.03,3805.738118,3,70.14,61.23,11029.88045
2024,1,7,1,7,12.4,96,5.55,2.05,39.7,2.71,18.1,15.4,0,109,7,16.8,5.97,3763.346823,3,69.59,58.96,9555.979388
2024,1,18,3,4,11.4,97,5.77,2.27,41.6,2.54,19.8,16.6,0,103,7,14.6,5.74,3714.038058,3,69.96,64.64,10086.79137
2024,1,25,4,4,8.1,98,5.71,2.15,42.3,2.65,19.1,16.32,0,104,9,13.7,4.86,3177.778713,1,70.21,65.08,10003.20704
2024,1,26,4,3,25.1,94,6.72,3.07,39.2,2.19,18.7,15.3,0,95,7,15.9,5.36,3415.366954,5,70.96,66.89,9424.37499
2024,1,21,3,7,22,98,6.72,3.25,40.3,2.07,20.1,16.83,0,103,7,16.6,6.32,3993.555418,3,71.48,63.8,10188.29419
2024,1,4,1,4,24.3,98,6.75,3.28,36.9,2.06,19.4,16.85,0,97,7,18.3,5.36,3317.901072,3,70.91,63.25,10289.76671
2024,1,5,1,5,35.2,98,6.49,2.92,44.2,2.22,19.1,16.01,0,98,7,18.3,5.74,3553.125402,3,71.76,65.24,9813.195143
2024,1,24,4,5,34.2,98,6.58,3.16,45.1,2.08,19.8,17.2,0,100,7,17.4,5.4,3379.483993,3,70.3,63.01,10451.37419
2024,1,22,4,7,24.6,99,6.84,3.34,43.5,2.05,20.4,13.95,0,92,7,19.6,5.78,3520.954993,3,69.54,60.49,8413.134985
2024,1,28,4,1,22,96,6.79,3.14,38.4,2.16,21.6,13.59,0,101,5,17.6,5.7,3558.595735,5,70.72,65.94,8072.463706
2024,1,10,2,5,16.3,98,6.72,3.1,42.1,2.17,19.6,14.32,0,92,7,19.1,5.6,3432.520465,3,70.69,66.14,8723.075842
2024,1,23,4,6,15.9,99,6.82,2.99,44.2,2.28,19.3,15.53,0,97,7,17.7,5.44,3392.152133,3,70.77,65.37,9495.450457
2024,1,1,1,1,19.9,99,6.73,3.07,39.2,2.19,20.5,15.74,0,113,5,16.4,5.8,3673.760646,3,70.87,66.74,9480.744404
2024,1,14,2,1,11.9,102,6.8,3.13,38.8,2.17,20.9,14.09,0,99,5,17.9,5.71,3551.860103,3,70,66.03,8444.191198
2024,1,15,3,1,25.4,97,6.86,3.28,39.4,2.09,20.2,15.75,0,95,5,15.9,4.72,3007.561945,3,71.64,65.03,9522.566872
2024,1,3,1,3,19.6,95,6.87,3.07,37.3,2.24,18.9,15.16,0,90,7,18.3,5.79,3584.075971,3,70.55,63.88,9315.166828
2024,1,20,3,6,23.8,96,6.76,3.16,42.3,2.14,19.3,15.32,0,98,7,15.7,5.54,3538.457029,3,70.75,65.43,9367.050933
2024,1,12,2,3,21.1,96,6.93,3.22,41,2.15,20.1,15.56,0,103,7,18.4,5.56,3437.49074,,70.02,64.55,9419.480549
2024,1,16,3,2,22.2,92,6.85,3.09,38.2,2.22,19.9,15.32,0,90,7,17.7,6.02,3753.815412,1,71.37,66.4,9297.407432
2024,1,17,3,3,12.9,98,6.8,3.13,41.9,2.17,19.8,13.9,0,95,9,16.2,5.26,3339.691485,3,72.26,67.22,8446.168674
2024,1,27,4,2,11.8,100,6.85,3.17,41,2.16,20.9,14.28,0,100,7,16.9,5.45,3431.421852,3,69.06,64.26,8558.058929
2024,1,13,2,2,25.2,99,6.27,2.79,47.6,2.25,21.5,15.24,0,104,7,24.6,5.37,3067.765917,5,66.73,57.5,9064.110794
2024,1,19,3,5,10.1,96,6.85,3.34,31.3,2.05,18.6,15.42,0,97,7,17.1,5.04,3165.640938,3,71.36,66.03,9509.974673
2024,1,8,2,7,31.1,99,5.66,2.25,42.1,2.52,22.8,14.24,0,98,7,20,4.97,3012.471607,3,66.74,59.66,8329.096069
2024,1,6,1,6,35,97,6.75,3.2,42.8,2.11,19.9,16.17,0,93,9,21.1,6.45,3855.789394,3,68.31,57.34,9813.255756
2024,1,2,1,2,28.5,95,5.63,2.17,41.4,2.59,21.6,16.13,0,93,7,20.8,4.83,2898.337119,3,68.56,60.63,9581.224399
2024,1,9,2,6,19.6,95,5.97,2.3,43.5,2.6,19.6,17.16,0,97,5,18.8,5.99,3685.186217,3,68.71,64.66,10453.07133
2024,1,11,2,4,8.3,95,5.72,2.29,40.8,2.5,19.8,16.03,0,88,7,19.5,5.5,3354.556851,3,70.6,63.55,9740.437686
2024,2,45,7,3,11.6,96,5.55,2.03,39,2.73,19.1,16.46,0,110,9,15.5,5.38,3444.415788,1,69.33,59.13,10089.01887
2024,2,37,6,6,14.6,98,5.85,2.29,39.7,2.56,20.4,16.83,0,101,7,17.5,5.66,3537.911511,3,71.19,66.22,10150.04027
2024,2,44,7,2,10,98,5.72,2.2,40.8,2.6,20.3,15.61,0,104,7,12.2,4.91,3266.273855,1,70.53,65.77,9426.094864
2024,2,49,7,7,23.2,96,6.78,3.07,37.1,2.21,18.2,15.03,0,106,5,15.9,5.76,3670.245085,3,72.28,67.68,9315.000144
2024,2,53,8,4,19.6,99,6.79,3.41,39.9,1.99,20.6,15.19,0,100,7,17.4,5.41,3385.742296,3,70.83,64.03,9137.951696
2024,2,36,6,7,25.3,99,6.88,3.41,37.8,2.02,19.7,16.75,0,101,7,18.3,5.76,3565.50563,1,71.08,64.45,10190.62777
2024,2,33,5,5,32.8,99,6.47,2.91,44.9,2.22,19.6,16.12,0,103,5,17.4,4.87,3047.793897,5,71.24,66.64,9819.551855
2024,2,30,5,2,35.3,98,6.58,3.15,45.6,2.09,20,16.75,0,111,7,18.7,5.23,3221.579262,3,70.5,63.3,10152.55568
2024,2,51,8,6,20.5,100,6.83,3.32,43.7,2.06,20.2,16.03,0,97,5,19.6,5.93,3612.329258,3,69.96,60.98,9691.85695
2024,2,35,5,7,21.1,95,6.81,3.1,39,2.2,21.7,16.78,0,95,7,18.7,6.04,3720.523661,3,70.78,65.12,9954.611152
2024,2,54,8,3,15.1,95,6.74,3.05,40.1,2.21,19.8,14.34,0,99,7,18.1,5.47,3394.281168,3,70.7,61.53,8713.529409
2024,2,41,6,2,14.3,99,6.76,2.95,42.8,2.29,21.5,14.86,0,97,7,17.7,5.04,3142.729182,3,70.75,64.49,8838.102782
2024,2,48,7,6,22.1,99,6.66,3.07,41.4,2.17,20.1,15.28,0,106,5,17.4,6.54,4092.930613,3,71.4,66.85,9249.978329
2024,2,43,7,1,9.4,104,6.8,3.12,37.3,2.18,21.2,15.21,0,104,7,18.7,6.46,3979.235571,3,69.61,65.29,9080.839782
2024,2,42,6,1,27.6,98,6.86,3.38,40.1,2.03,21.7,15.02,0,104,7,16.3,5.08,3221.556532,3,70.74,63.48,8910.504142
2024,2,55,8,2,17.7,95,6.88,3.07,37.5,2.24,19.2,16.29,0,94,7,16.1,5.67,3604.305597,3,71.12,65.71,9972.47662
2024,2,29,5,1,22,96,6.81,3.21,39.9,2.12,19.4,15.26,0,100,5,16,5.73,3646.787811,3,70.64,65.35,9318.803564
2024,2,40,6,3,22.4,97,6.84,3.18,41,2.15,21.5,14.28,0,97,5,17.6,4.57,2853.119738,5,69.9,61.72,8493.143185
2024,2,47,7,5,21.3,92,6.88,3.02,38.2,2.28,19.8,13.64,0,92,7,17.1,6.21,3900.52187,1,71.26,64.83,8288.182785
2024,2,46,7,4,16.5,98,6.79,3.14,41.2,2.16,21.5,15.12,0,100,9,18.1,6.08,3772.802469,3,71.99,65.77,8992.739843
2024,2,34,5,6,12.6,100,6.77,3.16,41.9,2.14,20.1,13.8,0,107,7,17.3,5.53,3465.031822,3,68.67,63.03,8354.038019
2024,2,39,6,4,19.4,100,6.22,2.78,48.3,2.24,21.8,15.86,0,104,7,24.4,4.11,2354.182917,5,65.97,56.32,9396.811559
2024,2,50,8,7,10.1,97,6.86,3.4,30.3,2.02,17.8,14.19,0,89,7,16.7,5.51,3477.548429,3,71.77,67.33,8837.405741
2024,2,31,5,3,24.9,99,5.82,2.33,41.9,2.5,21.6,15.46,0,97,7,17.6,4.06,2534.719067,3,66.94,59.69,9183.244216
2024,2,52,8,5,32.5,98,6.75,3.26,41.4,2.07,18.9,16.5,0,97,7,17.8,6.36,3961.006178,3,69.16,60.17,10138.53909
2024,2,38,6,5,29.8,97,5.69,2.21,41,2.58,21.7,16.9,0,90,7,19.7,4.14,2518.792973,5,68.09,59.08,10025.80027
2024,2,56,8,1,15.8,95,5.98,2.31,41,2.59,21.2,16.36,0,97,7,19,5.09,3123.772431,3,68.95,58.56,9767.425301
2024,2,32,5,4,10.8,95,5.72,2.32,41,2.47,19.6,16.1,0,85,7,20.7,4.64,2787.839418,3,69.99,62.69,9807.368789
2024,1,9,2,4,8.7,92,5.55,2.06,39.9,2.7,15.8,15.77,0,114,7,15.4,4.56,2922.885429,1,68.43,63.42,10060.37957
2024,1,16,3,4,19.2,92,6.14,2.6,43,2.36,15.7,17.16,0,107,7,12.3,4.4,2923.673399,3,68.77,63,10960.1233
2024,1,13,3,1,8.1,93,5.84,2.21,41.4,2.64,15.4,15.2,0,117,7,11.7,3.35,2241.207655,3,69.69,65.02,9742.816718
2024,1,23,4,2,17,84,6.72,3.1,41,2.17,14.8,15.01,0,101,7,13.5,4.13,2706.716346,3,68.69,60.49,9689.265775
2024,1,22,4,3,22.1,88,6.73,3.27,41,2.06,15.7,17.95,0,103,7,13.7,4.31,2818.15355,3,68.73,61.74,11464.69774
2024,1,20,4,5,22.1,90,6.78,3.32,39.9,2.04,14.9,16.6,0,107,7,13.7,3.78,2471.605666,3,69.57,61.49,10703.06665
2024,1,27,5,3,23.9,89,6.64,3.06,42.3,2.17,14.8,16.22,0,99,7,14.9,5.76,3713.886525,3,69.72,61.71,10470.34583
2024,1,21,4,4,24.7,91,6.73,3.14,45.6,2.14,14.3,16.96,0,116,7,13.3,5.5,3612.920236,3,69.14,61.24,11012.28016
2024,1,4,1,4,23,93,6.7,3.18,43.9,2.11,13.8,14.49,10,97,7,18.5,4.17,2574.958596,3,68.45,56.74,9463.378988
2024,1,15,3,3,16.9,85,6.77,3.12,41,2.17,15.2,15.42,0,98,7,13.9,5.06,3300.883941,3,68.21,60.98,9907.197202
2024,1,10,2,3,17.5,88,6.67,3.03,43.2,2.2,14.4,14.53,0,101,7,15,5.1,3284.472941,3,67.18,59.78,9423.450653
2024,1,7,2,6,14.3,86,6.81,3.04,45.1,2.24,14,14.75,40,98,7,14.9,5.65,3642.961609,3,68.5,56.78,9610.833494
2024,1,24,4,1,15.2,88,6.48,2.92,43,2.22,16.6,15.12,0,117,7,14.5,4.53,2934.545876,3,68.22,61.48,9554.070101
2024,1,26,5,2,18.5,94,6.79,3.13,42.3,2.17,14.4,12.82,20,104,7,15.5,6.8,4353.536683,3,67.39,59.52,8314.427899
2024,1,19,4,6,15.8,88,6.41,2.68,40.8,2.39,16.5,16.68,0,111,7,14,3.95,2573.784217,3,68.23,59.75,10552.44515
2024,1,14,3,2,17.5,86,6.84,3.17,38.6,2.16,16,14.88,0,101,7,13.5,4.62,3027.852184,3,69.54,63.6,9470.061491
2024,1,25,5,1,17.2,88,6.76,3.19,41.2,2.12,14.9,14.89,0,102,7,13.7,4.83,3158.162795,3,68.96,60.81,9600.521831
2024,1,5,1,5,20.5,87,6.85,3.17,42.5,2.16,15.1,14.12,0,99,7,15.1,3.66,2354.319296,3,68.4,60.58,9082.65815
2024,1,6,1,6,20.9,85,6.8,3.11,41,2.19,15,13.96,0,95,7,13.5,4.04,2647.732213,3,68.81,61.59,8990.315352
2024,1,12,2,1,15.9,90,6.36,2.77,43.7,2.3,13.9,14.42,0,100,7,13.6,4.73,3096.360152,3,68.81,58.35,9406.736819
2024,1,28,5,4,12.4,94,6.66,3.1,43.9,2.15,15.7,13.86,0,98,7,13.7,4.32,2824.692189,3,67.67,61.19,8852.407279
2024,1,3,1,3,20.7,90,6.29,2.83,46.6,2.22,15.6,12.94,50,98,7,21.5,4.76,2831.086873,3,66.25,58.15,8274.605636
2024,1,11,2,2,11.8,86,6.82,3.31,35.5,2.06,14.2,14.17,0,94,7,13.5,3.47,2274.166034,3,69.36,63.03,9211.444076
2024,1,2,1,2,24.1,93,6.03,2.53,38.8,2.38,20.2,17.88,0,83,7,14.9,4.67,3011.085082,3,67.46,63.12,10810.38068
2024,1,18,3,6,24.6,89,6.71,3.18,41.9,2.11,15,15.78,0,101,7,17.1,5.55,3485.973652,3,66.58,55.05,10162.40518
2024,1,1,1,1,23.5,89,5.68,2.18,39.2,2.61,18.2,18.22,0,93,7,14.6,4.29,2775.822869,3,68.95,65.13,11292.0361
2024,1,8,2,5,15.1,88,5.98,2.34,41.4,2.56,15.7,17.46,0,103,7,13.7,5.56,3635.483466,3,67.86,63.5,11151.73384
2024,1,17,3,5,8.8,90,5.74,2.33,39.4,2.46,15.3,17.27,0,90,7,12.9,4.67,3081.850889,3,69.33,64.69,11082.7192
2024,2,37,7,1,10.9,93,5.68,2.13,39.4,2.67,15.6,16.05,0,118,7,14.3,4.32,2805.053542,3,68.24,62.22,10263.32461
2024,2,46,8,3,12.9,93,6.29,2.65,40.1,2.37,15.3,16.67,0,106,7,12.8,3.58,2365.24481,1,68.78,63.44,10697.67973
2024,2,55,10,6,5.7,93,5.71,2.18,43.9,2.62,15.8,15.56,0,106,7,12.4,2.87,1904.857927,1,67.99,63.31,9926.411292
2024,2,44,8,5,16.6,85,6.78,3.1,40.1,2.19,14.8,14.09,10,106,7,13.7,3.59,2347.371519,3,69.65,63.62,9095.386727
2024,2,49,9,1,24.6,90,6.72,3.22,41,2.09,14.9,16.7,0,111,7,14.8,4.22,2724.135039,3,68.22,56.77,10767.54295
2024,2,52,9,4,17.7,90,6.79,3.17,40.5,2.14,15.4,16,0,106,7,13.6,4.33,2834.511513,3,68.38,60.84,10255.59655
2024,2,29,5,5,33.6,88,6.52,3.02,41.4,2.16,14.4,15.05,10,101,7,15.8,4.44,2832.511281,3,69.85,62.7,9760.697339
2024,2,32,6,5,31,90,6.65,3.11,44.6,2.14,13.8,16.52,0,108,7,12.6,5.37,3556.004525,3,70.22,61.58,10789.16638
2024,2,42,7,6,19.4,90,6.81,3.26,43.7,2.09,13.5,16,20,102,7,16.1,6.09,3871.291197,3,68.92,58,10485.92318
2024,2,43,8,6,18.5,86,6.73,3.1,39.4,2.17,16.3,14.81,20,108,7,14.7,5.26,3399.471166,3,69.39,63.04,9391.848929
2024,2,47,8,2,13.5,87,6.78,3.1,41.9,2.19,16.4,15.77,0,108,7,14.5,5.5,3562.914419,3,68.13,62.56,9988.690403
2024,2,51,9,3,14.9,87,6.38,2.7,42.5,2.36,14.2,14.88,0,104,7,14.2,5.28,3432.399238,3,68.54,59.59,9672.99138
2024,2,45,8,4,20.3,88,6.82,3.23,39.9,2.11,16.7,15.7,0,113,7,16.3,5.31,3367.414407,3,68.99,62.22,9908.667049
2024,2,50,9,2,16.1,95,6.66,3.03,40.8,2.2,14.6,15.28,0,110,7,14.8,6.43,4150.755521,3,68.34,61.5,9886.710254
2024,2,38,7,2,26.3,89,6.77,3.27,42.1,2.07,15.4,16.81,0,116,7,14.2,4.86,3159.367481,3,68.21,58.71,10774.78612
2024,2,39,7,3,17.4,85,6.23,2.72,41.9,2.29,15.4,14.46,0,103,7,14,4.96,3231.891068,3,68.54,56.78,9268.495378
2024,2,53,9,5,22.7,88,6.73,3.22,42.3,2.09,15,15.33,0,105,7,14.9,4.02,2591.983304,3,68.18,60.89,9872.602747
2024,2,35,6,2,21,87,6.85,3.22,41.2,2.13,16.4,15.75,0,106,7,14.7,5.84,3774.317796,3,68.47,61.86,9976.022438
2024,2,36,6,1,19.2,84,6.8,3.15,38.6,2.16,15.8,14.86,0,97,7,12.8,4.67,3085.389179,3,69.78,63.17,9479.850373
2024,2,33,6,4,13.9,92,6.62,3.02,42.8,2.19,14.5,14.8,0,103,7,15,4.96,3194.310939,3,68.12,60.91,9587.346239
2024,2,41,7,5,19.1,94,6.71,3.15,44.4,2.13,14.9,13.49,0,109,7,13.9,4.26,2779.005057,3,68.17,62.05,8697.85356
2024,2,40,7,4,20.3,90,6.61,3.03,42.1,2.18,16.2,15.39,0,111,7,19.4,7.74,4726.640687,3,68.57,59.87,9771.319639
2024,2,56,10,5,10.5,88,6.86,3.36,33.8,2.04,13.9,14.06,0,98,7,12.2,2.76,1836.031739,3,69.49,63.1,9171.894568
2024,2,31,6,6,24,94,6,2.45,41.9,2.45,19.5,18.14,0,101,7,16.5,6.63,4194.465151,3,68.14,61.83,11063.78544
2024,2,48,8,1,16.9,89,6.35,2.63,40.5,2.41,14.8,14.58,0,100,7,15.4,5.97,3826.672371,3,67.46,50.16,9411.691872
2024,2,54,9,6,15.7,90,5.66,2.16,40.1,2.62,19,16.53,0,91,7,13.7,5.51,3602.790269,3,68.24,65.2,10144.44879
2024,2,30,5,6,20.9,88,5.8,2.25,39,2.58,17.8,17.2,0,97,7,14.6,6.68,4322.260318,3,68.65,64.9,10712.00696
2024,2,34,6,3,21.1,90,6.05,2.62,41.6,2.31,15.4,18.44,0,101,7,13.7,5.76,3766.256253,1,69.55,63.81,11819.57502
2024,1,19,4,2,24.5,98,7.15,3.37,41,2.12,18,14.5,0,87,5,12.6,4.93,3264.637301,5,70.81,63.66,9008.499034
2024,1,16,4,5,22.4,96,7.04,3.21,40.3,2.19,17.6,13.94,0,97,5,13.4,4.96,3254.439145,3,71.81,65.61,8702.831343
2024,1,5,1,5,22.6,96,6.84,3.21,42.5,2.13,15.9,14.9,0,97,7,11.4,3.83,2571.041474,3,68.24,59.77,9494.079104
2024,1,22,5,2,18.6,106,6.99,3.27,37.5,2.14,22.9,13.97,0,91,7,13.2,4.67,3071.236018,3,69.87,64.86,8160.586374
2024,1,20,4,1,25.2,97,6.99,3.25,39.2,2.15,19.2,14.34,0,105,7,14.3,4.68,3038.808003,5,71.36,64.88,8778.717908
2024,1,18,4,3,19.8,98,7.3,3.38,39.2,2.16,18.8,14.03,0,102,7,13,4.24,2794.870539,3,69.95,62.73,8631.460392
2024,1,8,2,3,21.6,100,7.24,3.42,47.6,2.12,18.8,14.12,0,93,5,17.6,4.03,2515.989616,5,68.02,51.28,8686.829703
2024,1,23,5,3,26.7,97,7.22,3.47,35.7,2.08,17.2,15.37,0,97,7,12.6,4.97,3291.12523,3,71.84,66.69,9642.170039
2024,1,3,1,3,15.4,107,6.97,3.38,41.6,2.06,24.3,14.17,0,92,5,16.3,3.82,2422.509046,5,69.11,62.14,8127.113247
2024,1,15,3,5,27.2,96,6.97,3.06,43.2,2.28,16.8,15.66,0,93,5,17,4.81,3024.821528,3,71.38,63.66,9871.557185
2024,1,2,1,2,19.6,102,6.89,3.15,39.4,2.19,18.1,15.78,0,96,7,16,4.89,3112.180174,3,70.29,65.27,9791.776281
2024,1,1,1,1,31.6,94,6.84,3.21,41.4,2.13,14.8,17.14,0,99,7,12.7,4.72,3121.999498,3,70.21,62.76,11064.22488
2024,1,12,3,2,23.8,98,6.81,3.05,34.5,2.23,18.6,14.89,0,93,7,16,5.21,3315.840226,3,71.25,66.82,9183.107839
2024,1,17,4,4,22.9,94,7.28,3.52,41.6,2.07,17.4,15.49,0,101,7,15.3,4.85,3112.445356,3,68.96,58.96,9693.978379
2024,1,25,5,5,45.5,99,6.88,3.26,35.1,2.11,21,15.39,0,106,7,19.7,6.13,3729.517131,3,70.06,63.01,9211.625913
2024,1,4,1,4,29.1,98,6.88,3.34,38.4,2.06,20.5,16.68,0,96,7,18.9,4.74,2912.566047,3,67.42,59.18,10046.9388
2024,1,9,2,2,34,99,6.19,2.48,35.3,2.5,22.2,17.61,0,96,7,16.3,4.04,2562.025274,5,67.91,61.22,10380.29114
2024,1,13,3,3,29.5,101,6.49,2.77,41.2,2.34,23.2,15.69,0,92,7,20.7,3.58,2150.96231,3,66.72,59.76,9129.662967
2024,1,6,2,5,15.4,105,6.44,2.89,39.2,2.23,21.5,15.07,0,97,7,17.3,3.68,2305.843961,5,69.25,64.5,8963.001947
2024,1,11,3,1,26.8,99,6.41,2.76,39.2,2.32,20.5,13.88,0,97,7,17.7,3.86,2406.931477,5,69.11,62.61,8360.402308
2024,1,7,2,4,31.9,101,6.55,2.91,44.9,2.25,19.7,14.23,0,93,7,18.7,3.66,2254.489503,5,67.63,59.56,8657.470633
2024,1,24,5,4,15.9,107,6.56,2.8,37.1,2.34,23.2,14.78,0,95,7,16,3.79,2412.098744,5,68.99,64.46,8600.154153
2024,1,14,3,4,23.4,98,7.15,3.33,41,2.15,17.4,16.5,0,95,7,14.2,4.84,3146.365968,1,71.24,62.72,10326.05831
2024,1,21,5,1,25.4,105,7.17,3.3,36.3,2.17,25.2,15.45,0,97,7,17.7,5.28,3292.382952,3,69.58,64.37,8755.897388
2024,1,10,2,1,26.9,99,7.05,3.49,43.2,2.02,16.8,14.56,0,95,7,14.3,4.83,3136.205696,3,70.3,61.77,9178.152785
2024,2,35,7,5,25.1,96,7.04,3.31,41.6,2.13,16.8,14.29,0,101,7,12.5,5.46,3619.739211,3,70.39,61.89,9007.953524
2024,2,36,8,5,22.2,97,7.05,3.23,38.6,2.18,16.6,15.04,0,99,7,12.4,5.33,3537.593292,1,72.33,66.15,9503.519465
2024,2,34,7,4,20.9,96,6.89,3.16,39.4,2.18,16.5,14.77,0,101,7,12.4,4.87,3232.285053,3,71.41,64.2,9344.101612
2024,2,49,10,2,15.6,107,7,3.26,36.5,2.15,24.7,14.56,0,91,5,15.5,6.07,3886.171716,5,70.88,66.99,8306.669528
2024,2,44,9,4,23.4,97,6.96,3.25,39.4,2.14,19.5,15.84,0,107,5,13.4,5.83,3825.278269,1,70.94,63.23,9660.99015
2024,2,32,7,2,20.4,97,7.27,3.35,39.2,2.17,20.2,14.75,0,99,7,12.1,4.68,3116.817077,3,70.13,62.36,8917.959452
2024,2,29,6,2,26.6,100,7.28,3.4,45.6,2.14,19.1,14.78,0,101,7,16.9,5.15,3242.536245,3,67.98,53.18,9059.276966
2024,2,27,6,4,21.2,97,7.16,3.46,37.5,2.07,15.5,14.03,0,101,7,11.6,4.73,3168.035156,3,71.3,65.1,8982.246343
2024,2,30,6,1,14.9,106,7.17,3.41,38.6,2.1,24.7,12.75,0,96,7,15.3,3.67,2355.19061,3,68.28,60.65,7274.040967
2024,2,46,10,5,25.3,96,6.99,3.11,41.9,2.25,19.4,15.7,0,100,5,16.5,6.09,3852.834505,3,71.85,63.92,9587.497769
2024,2,28,6,3,21.8,100,6.9,3.15,38.4,2.19,18.4,14.54,0,99,7,16.4,6.18,3914.455309,3,70.73,65.55,8989.284944
2024,2,33,7,3,33.4,94,6.93,3.25,39.7,2.13,15.9,15.7,0,108,7,14,5.19,3381.756984,3,71.52,64.33,10003.82832
2024,2,43,9,3,28.4,96,6.78,3.01,35.3,2.25,18.3,15.31,0,95,7,16.7,5.53,3490.17111,1,70.48,64.55,9476.933407
2024,2,41,9,1,28.5,95,7.31,3.57,42.1,2.05,16.2,16.51,0,107,7,16.8,5.01,3158.185525,1,68.58,58.41,10482.42282
2024,2,31,7,1,43.8,99,6.97,3.32,34.7,2.1,21.6,16.09,0,99,7,20.1,6.06,3668.563071,3,69.44,63.46,9557.464388
2024,2,26,6,5,37.4,98,6.99,3.39,37.8,2.06,20.9,16.14,0,103,7,20.5,6.26,3770.665856,3,67.41,59.14,9672.764084
2024,2,38,8,3,28.2,99,6.14,2.37,33.6,2.59,21.6,17.97,0,105,7,17.5,4.98,3112.862071,3,68.07,60.89,10674.1849
2024,2,37,8,4,25.5,103,6.6,2.83,40.1,2.33,22.9,16.67,0,86,7,20.2,4.5,2720.771011,3,68.62,62.82,9737.793476
2024,2,48,10,3,14.4,104,6.45,2.88,38.6,2.24,23.8,14.26,0,92,7,18.9,4.46,2740.515732,5,69.17,64.41,8232.752862
2024,2,40,8,1,26.1,99,6.43,2.77,38.2,2.32,22.7,16.39,0,96,7,19.6,4.28,2607.212348,5,68.7,62.15,9599.067137
2024,2,42,9,2,33,101,6.55,2.9,42.8,2.26,22.8,14.03,0,96,7,18.6,4.07,2510.125298,3,67.55,59.91,8206.265298
2024,2,39,8,2,19.7,105,6.52,2.79,36.5,2.34,23.8,16.47,0,98,5,16.6,2.63,1661.875119,5,67.75,62.67,9508.656356
2024,2,50,10,1,25.8,98,7.16,3.3,39.7,2.17,18.7,15.2,0,102,5,14.6,5.36,3468.160974,3,70.56,62.83,9362.777768
2024,2,45,9,5,22.6,103,7.22,3.3,38,2.19,26,15.97,0,108,7,16.4,7.04,4459.185335,3,68.86,62.39,8953.796458
2024,2,47,10,4,31.9,98,7.01,3.44,42.1,2.04,17.1,15.4,0,97,7,14.4,5.03,3262.258236,3,71.01,62.52,9672.658013
2024,1,22,4,7,15.5,75,6.97,3.21,41.2,2.17,15.9,11.58,10,97,5,12.3,4.56,3029.988796,5,71.16,63.51,7378.619867
2024,1,7,1,7,19.1,75,6.95,3.26,42.1,2.13,15.3,10.86,0,95,5,12.9,3.38,2230.547324,3,70.51,60.95,6969.214271
2024,1,24,4,5,13.9,73,6.94,3.24,40.1,2.14,15.9,14.35,0,95,7,14.6,4.52,2924.643209,3,72.22,65.43,9143.62652
2024,1,14,2,1,15.3,83,6.96,3.14,33.9,2.22,18.1,14.01,0,103,7,16.6,4.84,3058.355732,3,72.99,68.99,8693.45917
2024,1,19,3,5,17,74,7,3.26,37.8,2.15,16.2,14.87,10,105,5,14.5,4.98,3226.057056,1,73.6,66.87,9441.16459
2024,1,2,1,2,17.5,78,7.24,3.37,37.8,2.15,17.1,14.9,0,100,5,17.3,4.8,3007.622558,1,71.06,64.24,9358.610674
2024,1,20,3,6,21.4,79,7.17,3.32,43.2,2.16,16,16.76,0,103,5,15.8,3.56,2271.112649,1,71.31,59.52,10666.54775
2024,1,6,1,6,23.8,70,7.07,3.43,39.9,2.06,16,13.69,0,92,5,13.7,4.08,2667.764846,1,72.2,63.88,8712.711143
2024,1,18,3,4,14.3,83,7.19,3.36,34.7,2.14,20.8,13.47,0,100,5,19.8,2.83,1719.639413,3,72.18,66.87,8082.828405
2024,1,8,2,7,17.5,75,6.95,3.1,45.4,2.24,14.2,12.41,0,93,9,13.4,3.58,2348.970189,5,72.06,63.63,8067.326816
2024,1,25,4,4,17.9,80,6.82,2.98,35.9,2.29,18.9,14.2,0,102,5,15.1,5.7,3666.562839,3,72.24,68.39,8725.28819
2024,1,17,3,3,28.9,71,6.85,3.25,39.9,2.11,15.8,14.94,0,114,5,14.1,3.83,2492.691452,1,72.23,65.19,9530.885907
2024,1,23,4,6,18.4,74,6.74,3.08,36.9,2.19,16.4,14.56,0,100,5,13.2,5.48,3603.934342,3,71.73,66.79,9222.27852
2024,1,12,2,3,15.9,74,7.11,3.47,39.7,2.05,17,14.26,0,111,7,14.5,4.77,3090.018505,9,69.97,60.18,8967.434219
2024,1,4,1,4,36.1,78,6.8,3.18,36.9,2.14,17.8,16.91,0,104,7,21.7,5.58,3310.339586,3,70.96,63.3,10531.39754
2024,1,13,2,2,24.5,77,6.89,3.28,33.9,2.1,17.7,16.57,0,102,7,20,6.5,3939.852202,3,70.73,62.63,10332.20288
2024,1,21,3,7,22.9,81,6.18,2.4,33.2,2.58,21,16.08,0,101,7,15.1,4.9,3151.957528,3,71.32,64.08,9624.622786
2024,1,15,3,1,21.1,81,6.48,2.85,38.8,2.27,19.6,15.58,0,97,7,22,2.51,1483.354354,3,70.04,63.87,9490.609051
2024,1,3,1,3,14.4,80,6.42,2.89,38,2.22,17.5,14.5,0,98,9,16.6,3.57,2255.853298,1,71.76,66.53,9063.428906
2024,1,1,1,1,24.2,75,6.37,2.73,38.6,2.33,16.2,14.33,0,101,7,16.3,2.96,1877.127428,3,71.22,64.04,9098.311269
2024,1,5,1,5,26.8,77,6.53,2.9,41.6,2.25,16.9,14.41,0,93,9,18.4,2.58,1595.094624,1,70.18,62.81,9072.679854
2024,1,16,3,2,19.2,81,6.5,2.8,37.8,2.32,19.3,15.01,0,100,9,16.8,4.31,2716.922078,1,70.14,64.34,9177.50878
2024,1,11,2,4,17.4,77,7.08,3.23,39.2,2.19,17,14.04,0,105,7,18.1,4.44,2755.138645,1,71.91,63.39,8829.086707
2024,1,9,2,6,19.6,81,7.13,3.23,38,2.21,18.3,15.54,0,99,7,16.8,5.47,3448.158647,3,71.89,65.22,9619.304059
2024,1,10,2,5,22.3,77,6.92,3.38,41.9,2.05,15.7,13.87,0,100,7,14.3,3.62,2350.530977,3,71.58,64.2,8858.794297
2024,2,34,5,6,17.3,76,7.11,3.34,39,2.13,16.8,15.91,0,98,5,13.4,5.61,3680.928146,3,72.2,65.92,10029.14909
2024,2,47,7,5,16.2,76,6.99,3.24,40.3,2.16,16.8,14.72,0,101,5,13.7,5.26,3439.324286,3,72.29,65.14,9279.011607
2024,2,50,8,7,20,75,6.91,3.24,40.3,2.13,16.2,12.1,0,99,3,12.5,5.58,3699.293918,5,72.63,66.77,7682.454038
2024,2,40,6,3,13.9,82,7.02,3.22,32.6,2.18,18.8,14.45,0,96,5,15,5.67,3651.561094,5,73.87,70.05,8889.85051
2024,2,44,7,2,18.2,75,7.05,3.26,36.9,2.16,17.3,15.14,0,105,5,16.4,5.57,3528.077034,1,73.57,66.95,9486.411651
2024,2,49,7,7,15.8,78,7.22,3.31,39,2.18,17.7,14.31,0,110,5,14.7,5.71,3690.300448,3,72.1,65.83,8922.982694
2024,2,31,5,3,19.8,78,7.22,3.39,43.2,2.13,15.8,15.55,0,105,5,16.4,3.42,2166.251967,1,70.89,59.5,9920.031851
2024,2,26,4,3,20.2,72,7.18,3.45,35.5,2.08,15.8,14.88,10,96,7,15.2,4.91,3154.669965,3,73.05,66.72,9492.609256
2024,2,35,5,7,8,84,7.23,3.43,38,2.11,18.4,11.81,0,91,5,14.9,4.43,2856.33981,3,71.44,65.81,7301.475597
2024,2,42,6,1,22.2,75,6.98,3.05,38.8,2.29,15.6,13.58,60,101,5,16.5,2.58,1632.235307,3,73.42,67.19,8683.859701
2024,2,33,5,5,17.4,78,6.91,3.1,36.9,2.23,16.7,14.57,0,99,3,17.1,6.86,4308.789054,3,73,68.55,9195.495472
2024,2,46,7,4,29.5,71,7.01,3.32,37.3,2.11,16.7,16.44,40,107,5,14.7,5.14,3321.916691,1,73.36,66.86,10375.69976
2024,2,43,7,1,21.9,74,6.84,3.03,32.4,2.26,16.9,14.31,0,102,5,16.1,4.12,2619.001598,1,73.78,68.49,9009.718856
2024,2,28,4,1,19,73,7.15,3.49,38.6,2.05,17.2,14.86,0,104,5,15.6,4.74,3031.079832,3,70.63,62.07,9322.228158
2024,2,37,6,6,28.5,78,6.84,3.12,35.1,2.19,18.9,15.73,0,104,5,19.4,6.52,3981.614635,3,71.29,63.33,9665.407269
2024,2,45,7,3,30.1,78,7,3.33,33.6,2.1,18.1,16.64,0,107,5,20.1,7.57,4582.676972,3,70.97,63.77,10325.42188
2024,2,32,5,4,21.4,81,6.04,2.34,34.1,2.58,22.1,17.69,0,109,7,15.1,3.25,2090.584075,3,71.23,65.13,10440.85038
2024,2,29,5,1,23.5,79,6.46,2.78,37.8,2.32,19.8,15.88,0,102,9,20.3,2.33,1406.989411,3,70.73,65.28,9649.291981
2024,2,38,6,5,17.4,78,6.48,2.91,38.2,2.23,18.7,15.26,0,102,7,16.5,3.53,2233.252184,1,71.02,65.79,9399.736101
2024,2,30,5,2,27.1,76,6.44,2.78,37.3,2.32,16.3,14,0,102,7,16.2,4.6,2920.642744,1,71.16,64.7,8878.182648
2024,2,36,6,7,24.8,78,6.51,2.92,41.2,2.23,16.9,13.57,0,95,7,16.8,2.94,1853.306476,3,69.57,62.79,8543.807469
2024,2,48,7,6,18.1,81,6.56,2.84,36.5,2.31,19.3,15.21,0,98,5,17.5,3.84,2400.279188,3,71.11,65.4,9299.79404
2024,2,41,6,2,21.4,77,7.18,3.26,36.9,2.2,16,13.25,30,106,7,16.7,5.41,3414.435028,1,72.97,65.64,8432.682443
2024,2,27,4,2,15.7,80,7.04,3.12,34.7,2.26,19.6,14.34,0,107,7,23,4.29,2502.791111,3,73.25,67.28,8735.258909
2024,2,39,6,4,20.8,78,7.09,3.44,36.9,2.06,17,14.22,10,104,7,16.1,3.77,2396.513598,3,73.56,67.89,8942.280126
2024,1,14,3,4,12,88,7,3.32,41.4,2.11,14.4,15.03,0,103,7,11.5,3.13,2098.766845,3,69.28,60.92,9747.726312
2024,1,10,2,1,12.5,90,6.87,3.2,40.8,2.15,14.5,14.42,10,102,7,12.2,2.39,1589.89705,1,69.76,60.68,9341.184646
2024,1,8,2,3,10.2,88,6.77,3.19,40.1,2.12,13.9,13.17,10,109,7,10.6,2.65,1794.98151,1,69.28,59.29,8591.312337
2024,1,6,2,5,18.2,95,6.81,3.21,39.4,2.12,14.3,13.99,0,91,7,16.9,5.01,3154.389629,3,68.31,60.03,9083.832513
2024,1,13,3,3,17.8,88,6.9,3.27,40.5,2.11,14.4,15.17,0,111,7,15,3.01,1938.48305,1,65.8,57.12,9838.523497
2024,1,16,4,5,17.1,91,7.11,3.31,41.6,2.15,13.6,14.74,20,102,7,15.6,3.68,2353.243414,3,68.37,58.12,9648.98892
2024,1,24,5,4,19.6,93,7.06,3.28,45.1,2.15,13.3,15.77,30,96,7,16.8,4.58,2887.123694,3,68.64,54.53,10359.08442
2024,1,11,3,1,12.2,88,6.97,3.35,40.3,2.08,13.9,15.91,0,102,7,13,3.22,2122.519607,1,70.06,60.24,10378.7228
2024,1,21,5,1,20.1,95,6.93,3.33,42.1,2.08,16.9,13.73,0,93,5,19.1,4.48,2746.016372,3,66.99,56.65,8644.545066
2024,1,22,5,2,22.1,89,6.9,3.11,45.4,2.22,13.8,16.29,0,94,7,13.2,3.33,2189.982,3,70.55,61.58,10638.95402
2024,1,3,1,3,13.4,93,6.84,3.1,40.1,2.21,13.5,14.6,0,103,7,14.7,4.15,2682.09227,3,67.94,59.02,9568.404903
2024,1,12,3,2,23.6,86,6.71,3.24,41.2,2.07,14.8,15.01,0,116,7,15.7,3.46,2209.938866,1,69.25,59.25,9689.265775
2024,1,15,3,5,14.9,88,6.76,3.14,39.9,2.15,14.3,15.84,0,95,7,15.8,3.64,2322.148888,3,70.34,63.2,10285.05411
2024,1,5,1,5,14.6,87,7.04,3.42,40.3,2.06,15,14.77,0,108,7,12.8,3.13,2067.937501,3,68.15,56.2,9511.959724
2024,1,23,5,3,33.5,92,6.61,3.1,41.9,2.13,15.1,16.49,0,100,7,21.1,7.18,4292.181062,3,68.22,56.37,10607.1553
2024,1,17,4,4,26.2,91,6.78,3.24,41,2.09,14.4,17.67,0,102,7,19.1,7.29,4468.406105,1,67.85,54.57,11459.90179
2024,1,4,1,4,26.2,94,6.03,2.43,39.7,2.48,18.2,17.23,0,106,7,20.7,5.3,3184.385542,3,68.11,62.42,10678.47322
2024,1,9,2,2,28.5,95,6.45,2.82,44.2,2.29,15.5,14.74,0,95,7,20.5,3.26,1963.637491,3,67.26,58.14,9436.800506
2024,1,19,4,2,16.9,95,6.34,2.84,43.5,2.23,15.7,16.94,0,104,7,22.1,6.64,3919.061905,3,69.2,61.3,10819.6089
2024,1,25,5,5,17.6,94,6.45,2.82,42.3,2.29,13.8,15.03,50,101,7,20.5,5.62,3385.166472,3,68.74,58.66,9816.051497
2024,1,1,1,1,22.8,94,6.47,2.9,43.7,2.23,14.8,14.81,0,92,7,23.7,2.56,1479.929713,3,67.17,56.79,9560.161634
2024,1,18,4,3,19.2,95,6.46,2.81,43.2,2.3,16.4,16.75,0,99,7,24.6,5.58,3187.734417,3,67.55,58.99,10609.42069
2024,1,20,4,1,16.6,91,6.96,3.21,41.4,2.17,15.6,15.61,10,104,7,14.1,3.48,2264.899805,1,70.2,60.49,9981.96244
2024,1,7,2,4,21.4,95,6.93,3.21,43.2,2.16,15,13.32,40,101,7,17.6,3.67,2291.236201,3,67.59,56.83,8578.151898
2024,1,2,1,2,23.5,93,6.87,3.37,43.2,2.04,14,14.51,20,106,7,14.5,2.6,1684.286816,1,68.54,56.12,9454.453831
2024,2,34,7,4,10,89,6.93,3.27,42.3,2.12,14.1,13.6,30,101,7,11.5,3.3,2212.757376,3,69.14,60.65,8851.210186
2024,2,36,8,5,9.7,88,6.81,3.18,41,2.14,13.6,14.2,0,99,7,11.2,2.6,1749.294378,3,69.55,60.67,9295.498145
2024,2,28,6,3,11.6,88,6.75,3.17,41.2,2.13,14.6,14.91,0,102,7,11,2.61,1759.977438,1,69.32,60.36,9647.306929
2024,2,44,9,4,19.1,95,6.76,3.22,41,2.1,14.9,14.78,0,93,7,16.7,6.07,3830.983478,3,68.29,60.2,9529.597896
2024,2,41,9,1,17.6,90,6.84,3.21,41.9,2.13,15.3,14.66,0,112,7,14.1,3.8,2473.166453,1,70.02,60.24,9407.797534
2024,2,38,8,3,15.9,92,7.03,3.27,41.2,2.15,14.8,15.4,0,98,7,14.5,4.04,2617.122592,3,68.24,58.01,9941.01885
2024,2,45,9,5,17.2,93,7.03,3.24,44.6,2.17,14.2,16.62,0,104,7,16.1,4.76,3025.836798,3,68.89,53.58,10804.10731
2024,2,27,6,4,10.3,88,6.99,3.34,41,2.09,13.9,15.41,0,109,7,13.5,3.4,2228.289486,3,69.32,59.59,10052.55301
2024,2,37,8,4,19.9,94,6.91,3.31,41.9,2.09,15.8,14.53,0,96,7,17.5,4.94,3087.859163,3,67.06,56.98,9269.328797
2024,2,40,8,1,19,89,6.87,3.05,45.8,2.25,13.6,15.83,0,108,7,13,3.51,2313.678206,3,69.92,60.19,10362.51659
2024,2,32,7,2,20.1,94,6.8,3.12,41.6,2.18,14.1,15.91,0,106,7,16,6.63,4219.581708,1,69.73,61.35,10354.61427
2024,2,47,10,4,21.4,86,6.74,3.27,41.9,2.06,13.8,13.75,10,104,7,14.6,3.44,2225.834655,1,68.71,57.19,8980.087031
2024,2,35,7,5,17.8,89,6.61,3.03,40.1,2.18,15,15.24,10,103,7,14.9,3.37,2172.881526,3,69.22,60.46,9814.642261
2024,2,29,6,2,13.1,88,7.12,3.49,41.2,2.04,15,16.55,10,106,7,13.7,3.68,2406.219273,1,68.8,57.78,10658.28933
2024,2,39,8,2,30,92,6.63,3.13,42.8,2.12,15.6,16.53,0,106,7,21.2,7.62,4549.438257,3,67.76,55.09,10570.26516
2024,2,43,9,3,29.7,92,6.72,3.25,40.5,2.07,14.4,17.01,0,106,7,19.9,6.7,4066.154772,3,66.39,52.29,11031.85792
2024,2,50,10,1,27,95,6.01,2.41,40.5,2.49,18.9,18.18,0,113,7,18.7,6.2,3819.080579,3,68.96,64.5,11170.82671
2024,2,26,6,5,23.2,95,6.4,2.78,45.6,2.3,14.5,15.78,10,100,7,20.2,4.07,2460.786226,3,67.16,57.46,10222.18403
2024,2,30,6,1,16.1,95,6.37,2.9,43.9,2.2,15.6,17.02,0,96,7,23.3,6.98,4056.274835,3,68.65,59.84,10883.6003
2024,2,33,7,3,20.2,94,6.37,2.78,43,2.29,15.7,12.38,60,102,7,25.4,4.36,2464.347246,3,67.77,55.63,7907.128579
2024,2,49,10,2,25.9,95,6.5,2.89,44.4,2.25,15.1,15.58,20,95,7,25.7,4.91,2764.056349,1,67.48,57.31,10021.79986
2024,2,42,9,2,21,95,6.43,2.78,44.2,2.31,19.6,16.35,0,104,7,26.7,6.12,3398.849882,3,67.46,58.03,9959.657124
2024,2,48,10,3,14.4,90,6.96,3.21,42.1,2.17,15.2,14.18,50,106,7,18.2,5.49,3402.532128,1,68.43,57.1,9110.509489
2024,2,46,10,5,20.1,94,6.94,3.21,43.2,2.16,16.2,15.8,0,109,7,19.1,5.92,3628.664491,3,68.61,58.68,10031.6342
2024,2,31,7,1,21.2,93,6.77,3.33,44.2,2.03,14.4,15.37,0,104,7,15.4,3.87,2480.606713,1,69.15,57.59,9968.23376
